#
# A fatal error has been detected by the Java Runtime Environment:
#
#  SIGABRT (0x6) at pc=0x000000018eb1e5e8, pid=50213, tid=259
#
# JRE version: OpenJDK Runtime Environment (21.0.10) (build 21.0.10+-117844308-b1163.108)
# Java VM: OpenJDK 64-Bit Server VM (21.0.10+-117844308-b1163.108, mixed mode, tiered, compressed oops, compressed class ptrs, g1 gc, bsd-aarch64)
# Problematic frame:
# C  [libsystem_kernel.dylib+0x95e8]  __pthread_kill+0x8
#
# No core dump will be written. Core dumps have been disabled. To enable core dumping, try "ulimit -c unlimited" before starting Java again
#
# If you would like to submit a bug report, please visit:
#   https://youtrack.jetbrains.com/issues/JBR
# The crash happened outside the Java Virtual Machine in native code.
# See problematic frame for where to report the bug.
#

---------------  S U M M A R Y ------------

Command Line: abort vfprintf -XX:ErrorFile=/Users/dongdong/java_error_in_studio_%p.log -XX:HeapDumpPath=/Users/dongdong/java_error_in_studio.hprof -Xms256m -Xmx2048m -XX:JbrShrinkingGcMaxHeapFreeRatio=40 -XX:ReservedCodeCacheSize=512m -XX:+HeapDumpOnOutOfMemoryError -XX:-OmitStackTraceInFastThrow -XX:CICompilerCount=2 -XX:+IgnoreUnrecognizedVMOptions -XX:+UnlockDiagnosticVMOptions -XX:TieredOldPercentage=100000 -ea -Dsun.io.useCanonCaches=false -Dsun.java2d.metal=true -Djbr.catch.SIGABRT=true -Djdk.http.auth.tunneling.disabledSchemes="" -Djdk.attach.allowAttachSelf=true -Djdk.module.illegalAccess.silent=true -Djdk.nio.maxCachedBufferSize=2097152 -Djava.util.zip.use.nio.for.zip.file.access=true -Dkotlinx.coroutines.debug=off -Dskiko.rendering.useScreenMenuBar=false -Djava.nio.file.spi.DefaultFileSystemProvider=com.intellij.platform.core.nio.fs.MultiRoutingFileSystemProvider -Dapple.awt.application.appearance=system -Dflags.configuration.level=COMPLETE -Dflags.debug.enabled=false -Xmx4096m -Djb.vmOptionsFile=/Users/dongdong/Library/Application Support/Google/AndroidStudio2026.1.1/studio.vmoptions -Xbootclasspath/a:/Applications/Android Studio.app/Contents/lib/nio-fs.jar -Djava.system.class.loader=com.intellij.util.lang.PathClassLoader -Didea.vendor.name=Google -Didea.paths.selector=AndroidStudio2026.1.1 -Djna.boot.library.path=/Applications/Android Studio.app/Contents/lib/jna/aarch64 -Djna.nosys=true -Djna.noclasspath=true -Dpty4j.preferred.native.folder=/Applications/Android Studio.app/Contents/lib/pty4j -Dio.netty.allocator.type=pooled -Dskiko.library.path=/Applications/Android Studio.app/Contents/lib/skiko-awt-runtime-all -Dintellij.platform.runtime.repository.path=/Applications/Android Studio.app/Contents/modules/module-descriptors.dat -Didea.platform.prefix=AndroidStudio -XX:FlightRecorderOptions=stackdepth=256 --add-opens=java.base/sun.net.www.protocol.https=ALL-UNNAMED -Djava.security.manager=allow -XX:CompileCommand=exclude,org.jetbrains.kotlin.serialization.deserialization.TypeDeserializer::simpleType -XX:CompileCommand=exclude,org.jetbrains.kotlin.serialization.deserialization.TypeDeserializer::toAttributes -Dsplash=true -Daether.connector.resumeDownloads=false -Dcompose.swing.render.on.graphics=true --enable-native-access=ALL-UNNAMED --add-opens=java.base/java.io=ALL-UNNAMED --add-opens=java.base/java.lang=ALL-UNNAMED --add-opens=java.base/java.lang.ref=ALL-UNNAMED --add-opens=java.base/java.lang.reflect=ALL-UNNAMED --add-opens=java.base/java.net=ALL-UNNAMED --add-opens=java.base/java.nio=ALL-UNNAMED --add-opens=java.base/java.nio.charset=ALL-UNNAMED --add-opens=java.base/java.text=ALL-UNNAMED --add-opens=java.base/java.time=ALL-UNNAMED --add-opens=java.base/java.util=ALL-UNNAMED --add-opens=java.base/java.util.concurrent=ALL-UNNAMED --add-opens=java.base/java.util.concurrent.atomic=ALL-UNNAMED --add-opens=java.base/java.util.concurrent.locks=ALL-UNNAMED --add-opens=java.base/jdk.internal.ref=ALL-UNNAMED --add-opens=java.base/jdk.internal.vm=ALL-UNNAMED --add-opens=java.base/sun.net.dns=ALL-UNNAMED --add-opens=java.base/sun.nio=ALL-UNNAMED --add-opens=java.base/sun.nio.ch=ALL-UNNAMED --add-opens=java.base/sun.nio.fs=ALL-UNNAMED --add-opens=java.base/sun.security.ssl=ALL-UNNAMED --add-opens=java.base/sun.security.util=ALL-UNNAMED --add-opens=java.desktop/com.apple.eawt=ALL-UNNAMED --add-opens=java.desktop/com.apple.eawt.event=ALL-UNNAMED --add-opens=java.desktop/com.apple.laf=ALL-UNNAMED --add-opens=java.desktop/com.sun.java.swing=ALL-UNNAMED --add-opens=java.desktop/java.awt=ALL-UNNAMED --add-opens=java.desktop/java.awt.dnd.peer=ALL-UNNAMED --add-opens=java.desktop/java.awt.event=ALL-UNNAMED --add-opens=java.desktop/java.awt.font=ALL-UNNAMED --add-opens=java.desktop/java.awt.image=ALL-UNNAMED --add-opens=java.desktop/java.awt.peer=ALL-UNNAMED --add-opens=java.desktop/javax.swing=ALL-UNNAMED --add-opens=java.desktop/javax.swing.plaf.basic=ALL-UNNAMED --add-opens=java.desktop/javax.swing.text=ALL-UNNAMED --add-opens=java.desktop/javax.swing.text.html=ALL-UNNAMED --add-opens=java.desktop/javax.swing.text.html.parser=ALL-UNNAMED --add-opens=java.desktop/sun.awt=ALL-UNNAMED --add-opens=java.desktop/sun.awt.datatransfer=ALL-UNNAMED --add-opens=java.desktop/sun.awt.image=ALL-UNNAMED --add-opens=java.desktop/sun.font=ALL-UNNAMED --add-opens=java.desktop/sun.java2d=ALL-UNNAMED --add-opens=java.desktop/sun.lwawt=ALL-UNNAMED --add-opens=java.desktop/sun.lwawt.macosx=ALL-UNNAMED --add-opens=java.desktop/sun.swing=ALL-UNNAMED --add-opens=java.management/sun.management=ALL-UNNAMED --add-opens=jdk.attach/sun.tools.attach=ALL-UNNAMED --add-opens=jdk.compiler/com.sun.tools.javac.api=ALL-UNNAMED --add-opens=jdk.internal.jvmstat/sun.jvmstat.monitor=ALL-UNNAMED --add-opens=jdk.jdi/com.sun.tools.jdi=ALL-UNNAMED -Dide.native.launcher=true com.android.tools.idea.MainWrapper help

Host: "Mac17,2" arm64, 10 cores, 24G, Darwin 25.5.0, macOS 26.5.1 (25F80)
Time: Sat Jul  4 07:19:00 2026 +07 elapsed time: 0.375894 seconds (0d 0h 0m 0s)

---------------  T H R E A D  ---------------

Current thread (0x0000000bb9ba3800):  JavaThread "AppKit Thread" daemon [_thread_in_native, id=259, stack(0x000000016b564000,0x000000016bd60000) (8176K)]

Stack: [0x000000016b564000,0x000000016bd60000],  sp=0x000000016bd5bde0,  free space=8159k
Native frames: (J=compiled Java code, j=interpreted, Vv=VM code, C=native code)
C  [libsystem_kernel.dylib+0x95e8]  __pthread_kill+0x8
C  [libsystem_c.dylib+0x78644]  abort+0x94
C  [HIServices+0x2ecf8]  ___RegisterApplication_block_invoke+0x31ac
C  [libdispatch.dylib+0x1b4b0]  _dispatch_client_callout+0x10
C  [libdispatch.dylib+0x4630]  _dispatch_once_callout+0x20
C  [HIServices+0x18cc]  _RegisterApplication+0xa4
C  [JavaRuntimeSupport+0x1bec]  +[JRSAppKitAWT registerAWTAppWithOptions:]+0x2e0
C  [libosxapp.dylib+0x47d4]  -[NSApplicationAWT registerWithProcessManager]+0x378
C  [libosxapp.dylib+0x3f70]  -[NSApplicationAWT init]+0x88
C  [AppKit+0x5d00]  +[NSApplication sharedApplication]+0x80
C  [libawt_lwawt.dylib+0x8207c]  +[AWTStarter starter:headless:]+0xb8
C  [libosxapp.dylib+0x6cac]  +[ThreadUtilities invokeBlockCopy:]+0x1c
C  [Foundation+0x78adc]  __NSThreadPerformPerform+0x108
C  [CoreFoundation+0x7df30]  __CFRUNLOOP_IS_CALLING_OUT_TO_A_SOURCE0_PERFORM_FUNCTION__+0x1c
C  [CoreFoundation+0x7dec4]  __CFRunLoopDoSource0+0xac
C  [CoreFoundation+0x7dc30]  __CFRunLoopDoSources0+0xe8
C  [CoreFoundation+0x7c854]  __CFRunLoopRun+0x334
C  [CoreFoundation+0x14f1c4]  _CFRunLoopRunSpecificWithOptions+0x214
C  [studio+0x57648]  xplat_launcher::main_lib::hd57f527a236adbef+0x1b14
C  [studio+0x89c]  std::sys::backtrace::__rust_begin_short_backtrace::h0d76b83725989872+0xc
C  [studio+0xc9c]  main+0x3f4
C  [dyld+0x1fe00]  start+0x1b50

siginfo: si_signo: 6 (SIGABRT), si_code: 0 (unknown)

Registers:
 x0=0x0000000000000000  x1=0x0000000000000000  x2=0x0000000000000000  x3=0x0000000000000000
 x4=0x0000000bba164400  x5=0x0000000000000020  x6=0x000000016bd5a7f0  x7=0xfffff0003ffff800
 x8=0x61f8f4c1a7538310  x9=0x61f8f4c05d9e1d90 x10=0x0000000000000002 x11=0x00000000fffffffd
x12=0x0000000000000000 x13=0x0000000000000000 x14=0x0000000000000000 x15=0x0000000000000000
x16=0x0000000000000148 x17=0x00000001fc317000 x18=0x0000000000000000 x19=0x0000000000000006
x20=0x0000000000000103 x21=0x00000001facd9f60 x22=0xa8d37deaafb7993b x23=0x0000000000000001
x24=0x00000001fc4669d0 x25=0x0000000000000000 x26=0x0000000000000001 x27=0x000000016bd5c1e0
x28=0x00000001fad51000  fp=0x000000016bd5be00  lr=0x000000018eb598d8  sp=0x000000016bd5bde0
pc=0x000000018eb1e5e8 cpsr=0x0000000040000000

Register to memory mapping:

x0 =0x0 is null
x1 =0x0 is null
x2 =0x0 is null
x3 =0x0 is null
x4 =0x0000000bba164400 points into unknown readable memory: 0x0000000000000000 | 00 00 00 00 00 00 00 00
x5 =0x0000000000000020 is an unknown value
x6 =0x000000016bd5a7f0 is pointing into the stack for thread: 0x0000000bb9ba3800
x7 =0xfffff0003ffff800 is an unknown value
x8 =0x61f8f4c1a7538310 is an unknown value
x9 =0x61f8f4c05d9e1d90 is an unknown value
x10=0x0000000000000002 is an unknown value
x11=0x00000000fffffffd is an unknown value
x12=0x0 is null
x13=0x0 is null
x14=0x0 is null
x15=0x0 is null
x16=0x0000000000000148 is an unknown value
x17=0x00000001fc317000 points into unknown readable memory: 0x000000018eb1e5e0 | e0 e5 b1 8e 01 00 00 00
x18=0x0 is null
x19=0x0000000000000006 is an unknown value
x20=0x0000000000000103 is an unknown value
x21=0x00000001facd9f60 points into unknown readable memory: 0x00000001facd9e80 | 80 9e cd fa 01 00 00 00
x22=0xa8d37deaafb7993b is an unknown value
x23=0x0000000000000001 is an unknown value
x24=0x00000001fc4669d0: <offset 0x6d36e9d0> in /System/Library/Frameworks/CoreServices.framework/Versions/A/Frameworks/LaunchServices.framework/Versions/A/LaunchServices at 0x000000018f0f8000
x25=0x0 is null
x26=0x0000000000000001 is an unknown value
x27=0x000000016bd5c1e0 is pointing into the stack for thread: 0x0000000bb9ba3800
x28=0x00000001fad51000: CGLibraryLoadlibFontRegistryDYLD.once+0x2c0 in /System/Library/Frameworks/CoreGraphics.framework/Versions/A/CoreGraphics at 0x00000001958f8000
 fp=0x000000016bd5be00 is pointing into the stack for thread: 0x0000000bb9ba3800
 lr=0x000000018eb598d8: pthread_kill+0x128 in /usr/lib/system/libsystem_pthread.dylib at 0x000000018eb53000
 sp=0x000000016bd5bde0 is pointing into the stack for thread: 0x0000000bb9ba3800

Top of Stack: (sp=0x000000016bd5bde0)
0x000000016bd5bde0:   a8d37deaafb7993b 0000000000000000
0x000000016bd5bdf0:   000000016bd5be20 00000001facd9e80
0x000000016bd5be00:   000000016bd5be40 000000018ea60644
0x000000016bd5be10:   a8d37deaafb7993b ffffffff00000000
0x000000016bd5be20:   0000000000000000 00000000fffff9df
0x000000016bd5be30:   000000016bd5c1e0 0000000bb90107c0
0x000000016bd5be40:   000000016bd5d280 0000000196224cf8
0x000000016bd5be50:   000000016bd5be80 000000018e700130
0x000000016bd5be60:   0000000000000001 0000000bba16434f
0x000000016bd5be70:   00000000000000eb c293201805de0038
0x000000016bd5be80:   0000000000000000 0000000000000000
0x000000016bd5be90:   0000000000000000 0000000000000000
0x000000016bd5bea0:   0000000000000000 0000000000000000
0x000000016bd5beb0:   0000000000000000 0000000000000000
0x000000016bd5bec0:   0000000000000000 0000000000000000
0x000000016bd5bed0:   0000000000000000 0000000000000000
0x000000016bd5bee0:   0000000000000000 0000000000000000
0x000000016bd5bef0:   0000000000000000 0000000000000000
0x000000016bd5bf00:   0000000000000000 0000000000000000
0x000000016bd5bf10:   0000000000000000 0000000000000000
0x000000016bd5bf20:   0000000000000000 0000000000000000
0x000000016bd5bf30:   0000000000000003 0000000000000000
0x000000016bd5bf40:   0000000100000000 0000000000000000
0x000000016bd5bf50:   0000001900000001 0000005000000046
0x000000016bd5bf60:   0000001a00000001 0000000100000005
0x000000016bd5bf70:   0000000000000000 0000000000000000
0x000000016bd5bf80:   0000000a00000001 000000000000000d
0x000000016bd5bf90:   6bd5c21008220102 0000000000000001
0x000000016bd5bfa0:   0000000000000000 0000000000000000
0x000000016bd5bfb0:   0000000000000000 0000000000000000
0x000000016bd5bfc0:   0000000000000000 0000000000000000
0x000000016bd5bfd0:   0000000000000000 0000000000000000 

Instructions: (pc=0x000000018eb1e5e8)
0x000000018eb1e4e8:   f6 57 4b a9 f8 5f 4a a9 fa 67 49 a9 ff 83 03 91
0x000000018eb1e4f8:   ff 0f 5f d6 f8 23 40 b9 b8 fe ff 35 f9 3b 40 b9
0x000000018eb1e508:   3f 4f 00 71 28 fe ff 54 09 f1 00 51 3f 0b 49 6b
0x000000018eb1e518:   c8 fd ff 54 22 f7 7e d3 49 f0 00 11 1f 01 09 6b
0x000000018eb1e528:   41 fd ff 54 e8 43 42 f8 e8 02 00 f9 e8 c3 42 f8
0x000000018eb1e538:   c8 02 00 f9 e8 37 40 b9 a8 02 00 b9 69 02 40 b9
0x000000018eb1e548:   e8 03 00 91 3f 03 09 6b 09 01 00 54 22 f5 7e d3
0x000000018eb1e558:   01 f1 00 91 e0 03 14 aa 69 de ff 97 79 02 00 b9
0x000000018eb1e568:   58 26 80 12 dc ff ff 17 01 f1 00 91 e0 03 14 aa
0x000000018eb1e578:   63 de ff 97 18 00 80 52 79 02 00 b9 d6 ff ff 17
0x000000018eb1e588:   90 0c 80 d2 01 10 00 d4 03 01 00 54 7f 23 03 d5
0x000000018eb1e598:   fd 7b bf a9 fd 03 00 91 15 e0 ff 97 bf 03 00 91
0x000000018eb1e5a8:   fd 7b c1 a8 ff 0f 5f d6 c0 03 5f d6 d0 37 80 d2
0x000000018eb1e5b8:   01 10 00 d4 03 01 00 54 7f 23 03 d5 fd 7b bf a9
0x000000018eb1e5c8:   fd 03 00 91 0a e0 ff 97 bf 03 00 91 fd 7b c1 a8
0x000000018eb1e5d8:   ff 0f 5f d6 c0 03 5f d6 10 29 80 d2 01 10 00 d4
0x000000018eb1e5e8:   03 01 00 54 7f 23 03 d5 fd 7b bf a9 fd 03 00 91
0x000000018eb1e5f8:   ff df ff 97 bf 03 00 91 fd 7b c1 a8 ff 0f 5f d6
0x000000018eb1e608:   c0 03 5f d6 70 0a 80 d2 01 10 00 d4 03 01 00 54
0x000000018eb1e618:   7f 23 03 d5 fd 7b bf a9 fd 03 00 91 f4 df ff 97
0x000000018eb1e628:   bf 03 00 91 fd 7b c1 a8 ff 0f 5f d6 c0 03 5f d6
0x000000018eb1e638:   70 30 80 d2 01 10 00 d4 03 01 00 54 7f 23 03 d5
0x000000018eb1e648:   fd 7b bf a9 fd 03 00 91 e9 df ff 97 bf 03 00 91
0x000000018eb1e658:   fd 7b c1 a8 ff 0f 5f d6 c0 03 5f d6 64 01 00 34
0x000000018eb1e668:   68 d0 3b d5 49 0e 36 90 29 81 14 91 08 05 40 f9
0x000000018eb1e678:   1f 01 00 f1 28 01 88 9a c9 02 80 52 09 01 00 b9
0x000000018eb1e688:   00 00 80 12 c0 03 5f d6 04 08 80 52 86 eb ff 17
0x000000018eb1e698:   50 0d 80 d2 01 10 00 d4 03 01 00 54 7f 23 03 d5
0x000000018eb1e6a8:   fd 7b bf a9 fd 03 00 91 d1 df ff 97 bf 03 00 91
0x000000018eb1e6b8:   fd 7b c1 a8 ff 0f 5f d6 c0 03 5f d6 d0 03 80 d2
0x000000018eb1e6c8:   01 10 00 d4 03 01 00 54 7f 23 03 d5 fd 7b bf a9
0x000000018eb1e6d8:   fd 03 00 91 be e3 ff 97 bf 03 00 91 fd 7b c1 a8 


Stack slot to memory mapping:

stack at sp + 0 slots: 0xa8d37deaafb7993b is an unknown value
stack at sp + 1 slots: 0x0 is null
stack at sp + 2 slots: 0x000000016bd5be20 is pointing into the stack for thread: 0x0000000bb9ba3800
stack at sp + 3 slots: 0x00000001facd9e80 points into unknown readable memory: 0x61f8f4c1a7538310 | 10 83 53 a7 c1 f4 f8 61
stack at sp + 4 slots: 0x000000016bd5be40 is pointing into the stack for thread: 0x0000000bb9ba3800
stack at sp + 5 slots: 0x000000018ea60644: abort+0x94 in /usr/lib/system/libsystem_c.dylib at 0x000000018e9e8000
stack at sp + 6 slots: 0xa8d37deaafb7993b is an unknown value
stack at sp + 7 slots: 0xffffffff00000000 is an unknown value


---------------  P R O C E S S  ---------------

Threads class SMR info:
_java_thread_list=0x0000000bb6e62ca0, length=22, elements={
0x00000001049309f0, 0x0000000bb90fce00, 0x0000000bb90fd500, 0x0000000bb90fdc00,
0x0000000bb90fe300, 0x0000000bb90fea00, 0x0000000bb90ff100, 0x0000000104944d90,
0x0000000104945590, 0x0000000bb96a0000, 0x0000000bb96a2300, 0x0000000bb96a2a00,
0x0000000bb96a3100, 0x0000000bb96a3800, 0x0000000bb9930000, 0x0000000bb9930700,
0x0000000bb9930e00, 0x0000000bb9931500, 0x0000000bb9932a00, 0x0000000bb9933100,
0x0000000bb9a5ea00, 0x0000000bb9ba3800
}

Java Threads: ( => current thread )
  0x00000001049309f0 JavaThread "main"                              [_thread_blocked, id=7427, stack(0x000000016bd64000,0x000000016bf67000) (2060K)]
  0x0000000bb90fce00 JavaThread "Common-Cleaner"             daemon [_thread_blocked, id=22787, stack(0x000000016cedc000,0x000000016d0df000) (2060K)]
  0x0000000bb90fd500 JavaThread "Reference Handler"          daemon [_thread_blocked, id=32259, stack(0x000000016d0e8000,0x000000016d2eb000) (2060K)]
  0x0000000bb90fdc00 JavaThread "Finalizer"                  daemon [_thread_blocked, id=23043, stack(0x000000016d2f4000,0x000000016d4f7000) (2060K)]
  0x0000000bb90fe300 JavaThread "Signal Dispatcher"          daemon [_thread_blocked, id=31747, stack(0x000000016d500000,0x000000016d703000) (2060K)]
  0x0000000bb90fea00 JavaThread "Service Thread"             daemon [_thread_blocked, id=23811, stack(0x000000016d70c000,0x000000016d90f000) (2060K)]
  0x0000000bb90ff100 JavaThread "Monitor Deflation Thread"   daemon [_thread_blocked, id=31235, stack(0x000000016d918000,0x000000016db1b000) (2060K)]
  0x0000000104944d90 JavaThread "C2 CompilerThread0"         daemon [_thread_blocked, id=30723, stack(0x000000016db24000,0x000000016dd27000) (2060K)]
  0x0000000104945590 JavaThread "C1 CompilerThread0"         daemon [_thread_blocked, id=30467, stack(0x000000016dd30000,0x000000016df33000) (2060K)]
  0x0000000bb96a0000 JavaThread "Notification Thread"        daemon [_thread_blocked, id=24579, stack(0x000000016df3c000,0x000000016e13f000) (2060K)]
  0x0000000bb96a2300 JavaThread "DefaultDispatcher-worker-1" daemon [_thread_blocked, id=26627, stack(0x000000016eb84000,0x000000016ed87000) (2060K)]
  0x0000000bb96a2a00 JavaThread "DefaultDispatcher-worker-2" daemon [_thread_blocked, id=27907, stack(0x000000016ed90000,0x000000016ef93000) (2060K)]
  0x0000000bb96a3100 JavaThread "DefaultDispatcher-worker-3" daemon [_thread_in_native, id=27651, stack(0x000000016ef9c000,0x000000016f19f000) (2060K)]
  0x0000000bb96a3800 JavaThread "DefaultDispatcher-worker-4" daemon [_thread_blocked, id=32771, stack(0x000000016f1a8000,0x000000016f3ab000) (2060K)]
  0x0000000bb9930000 JavaThread "DefaultDispatcher-worker-5" daemon [_thread_blocked, id=33027, stack(0x000000016f3b4000,0x000000016f5b7000) (2060K)]
  0x0000000bb9930700 JavaThread "DefaultDispatcher-worker-6" daemon [_thread_blocked, id=43011, stack(0x000000016f5c0000,0x000000016f7c3000) (2060K)]
  0x0000000bb9930e00 JavaThread "DefaultDispatcher-worker-7" daemon [_thread_blocked, id=42499, stack(0x000000016f7cc000,0x000000016f9cf000) (2060K)]
  0x0000000bb9931500 JavaThread "DefaultDispatcher-worker-8" daemon [_thread_blocked, id=33539, stack(0x000000016f9d8000,0x000000016fbdb000) (2060K)]
  0x0000000bb9932a00 JavaThread "DefaultDispatcher-worker-9" daemon [_thread_blocked, id=41987, stack(0x000000016fbe4000,0x000000016fde7000) (2060K)]
  0x0000000bb9933100 JavaThread "DefaultDispatcher-worker-10" daemon [_thread_blocked, id=41731, stack(0x000000016fdf0000,0x000000016fff3000) (2060K)]
  0x0000000bb9a5ea00 JavaThread "Kernel event loop thread 4ouram0mj49r9mlrbed7" daemon [_thread_blocked, id=34819, stack(0x000000016fffc000,0x00000001701ff000) (2060K)]
=>0x0000000bb9ba3800 JavaThread "AppKit Thread"              daemon [_thread_in_native, id=259, stack(0x000000016b564000,0x000000016bd60000) (8176K)]
Total: 22

Other Threads:
  0x0000000bb916d400 VMThread "VM Thread"                           [id=13827, stack(0x000000016cbb8000,0x000000016cdbb000) (2060K)]
  0x000000010493b170 WatcherThread "VM Periodic Task Thread"        [id=15363, stack(0x000000016c9ac000,0x000000016cbaf000) (2060K)]
  0x0000000104935170 WorkerThread "GC Thread#0"                     [id=9731, stack(0x000000016bf70000,0x000000016c173000) (2060K)]
  0x0000000bb939f000 WorkerThread "GC Thread#1"                     [id=29443, stack(0x000000016e148000,0x000000016e34b000) (2060K)]
  0x0000000bb939f400 WorkerThread "GC Thread#2"                     [id=28931, stack(0x000000016e354000,0x000000016e557000) (2060K)]
  0x0000000bb939f800 WorkerThread "GC Thread#3"                     [id=28675, stack(0x000000016e560000,0x000000016e763000) (2060K)]
  0x0000000bb939fc00 WorkerThread "GC Thread#4"                     [id=28163, stack(0x000000016e76c000,0x000000016e96f000) (2060K)]
  0x0000000bb984c400 WorkerThread "GC Thread#5"                     [id=26115, stack(0x000000016e978000,0x000000016eb7b000) (2060K)]
  0x0000000bb9c08400 WorkerThread "GC Thread#6"                     [id=35331, stack(0x0000000170208000,0x000000017040b000) (2060K)]
  0x0000000bb9c08800 WorkerThread "GC Thread#7"                     [id=41219, stack(0x0000000170414000,0x0000000170617000) (2060K)]
  0x00000001049359f0 ConcurrentGCThread "G1 Main Marker"            [id=10755, stack(0x000000016c17c000,0x000000016c37f000) (2060K)]
  0x00000001049363f0 WorkerThread "G1 Conc#0"                       [id=11779, stack(0x000000016c388000,0x000000016c58b000) (2060K)]
  0x0000000bb9c08c00 WorkerThread "G1 Conc#1"                       [id=40963, stack(0x0000000170620000,0x0000000170823000) (2060K)]
  0x0000000bb8d0ca00 ConcurrentGCThread "G1 Refine#0"               [id=12291, stack(0x000000016c594000,0x000000016c797000) (2060K)]
  0x0000000bb916c000 ConcurrentGCThread "G1 Service"                [id=16131, stack(0x000000016c7a0000,0x000000016c9a3000) (2060K)]
Total: 15

Threads with active compile tasks:
Total: 0

VM state: not at safepoint (normal execution)

VM Mutex/Monitor currently owned by a thread: None

Heap address: 0x0000000700000000, size: 4096 MB, Compressed Oops mode: Zero based, Oop shift amount: 3

CDS archive(s) not mapped
Compressed class space mapped at: 0x0000000800000000-0x0000000840000000, reserved size: 1073741824
Narrow klass base: 0x0000000800000000, Narrow klass shift: 0, Narrow klass range: 0x40000000

GC Precious Log:
 CardTable entry size: 512
 Card Set container configuration: InlinePtr #cards 4 size 8 Array Of Cards #cards 16 size 48 Howl #buckets 8 coarsen threshold 3686 Howl Bitmap #cards 512 size 80 coarsen threshold 460 Card regions per heap region 1 cards per card region 4096
 CPUs: 10 total, 10 available
 Memory: 24576M
 Large Page Support: Disabled
 NUMA Support: Disabled
 Compressed Oops: Enabled (Zero based)
 Heap Region Size: 2M
 Heap Min Capacity: 256M
 Heap Initial Capacity: 256M
 Heap Max Capacity: 4G
 Pre-touch: Disabled
 Parallel Workers: 9
 Concurrent Workers: 2
 Concurrent Refinement Workers: 9
 Periodic GC: Disabled

Heap:
 garbage-first heap   total 262144K, used 29173K [0x0000000700000000, 0x0000000800000000)
  region size 2048K, 7 young (14336K), 2 survivors (4096K)
 Metaspace       used 23930K, committed 24192K, reserved 1114112K
  class space    used 2407K, committed 2496K, reserved 1048576K

Heap Regions: E=young(eden), S=young(survivor), O=old, HS=humongous(starts), HC=humongous(continues), CS=collection set, F=free, TAMS=top-at-mark-start, PB=parsable bottom
|   0|0x0000000700000000, 0x0000000700200000, 0x0000000700200000|100%| O|  |TAMS 0x0000000700000000| PB 0x0000000700000000| Untracked 
|   1|0x0000000700200000, 0x0000000700400000, 0x0000000700400000|100%| O|  |TAMS 0x0000000700200000| PB 0x0000000700200000| Untracked 
|   2|0x0000000700400000, 0x0000000700600000, 0x0000000700600000|100%| O|  |TAMS 0x0000000700400000| PB 0x0000000700400000| Untracked 
|   3|0x0000000700600000, 0x0000000700800000, 0x0000000700800000|100%| O|  |TAMS 0x0000000700600000| PB 0x0000000700600000| Untracked 
|   4|0x0000000700800000, 0x0000000700a00000, 0x0000000700a00000|100%| O|  |TAMS 0x0000000700800000| PB 0x0000000700800000| Untracked 
|   5|0x0000000700a00000, 0x0000000700c00000, 0x0000000700c00000|100%| O|  |TAMS 0x0000000700a00000| PB 0x0000000700a00000| Untracked 
|   6|0x0000000700c00000, 0x0000000700c7d640, 0x0000000700e00000| 24%| O|  |TAMS 0x0000000700c00000| PB 0x0000000700c00000| Untracked 
|   7|0x0000000700e00000, 0x0000000701000000, 0x0000000701000000|100%|HS|  |TAMS 0x0000000700e00000| PB 0x0000000700e00000| Complete 
|   8|0x0000000701000000, 0x0000000701200000, 0x0000000701200000|100%|HS|  |TAMS 0x0000000701000000| PB 0x0000000701000000| Complete 
|   9|0x0000000701200000, 0x0000000701200000, 0x0000000701400000|  0%| F|  |TAMS 0x0000000701200000| PB 0x0000000701200000| Untracked 
|  10|0x0000000701400000, 0x0000000701400000, 0x0000000701600000|  0%| F|  |TAMS 0x0000000701400000| PB 0x0000000701400000| Untracked 
|  11|0x0000000701600000, 0x0000000701600000, 0x0000000701800000|  0%| F|  |TAMS 0x0000000701600000| PB 0x0000000701600000| Untracked 
|  12|0x0000000701800000, 0x0000000701800000, 0x0000000701a00000|  0%| F|  |TAMS 0x0000000701800000| PB 0x0000000701800000| Untracked 
|  13|0x0000000701a00000, 0x0000000701a00000, 0x0000000701c00000|  0%| F|  |TAMS 0x0000000701a00000| PB 0x0000000701a00000| Untracked 
|  14|0x0000000701c00000, 0x0000000701c00000, 0x0000000701e00000|  0%| F|  |TAMS 0x0000000701c00000| PB 0x0000000701c00000| Untracked 
|  15|0x0000000701e00000, 0x0000000701e00000, 0x0000000702000000|  0%| F|  |TAMS 0x0000000701e00000| PB 0x0000000701e00000| Untracked 
|  16|0x0000000702000000, 0x0000000702000000, 0x0000000702200000|  0%| F|  |TAMS 0x0000000702000000| PB 0x0000000702000000| Untracked 
|  17|0x0000000702200000, 0x0000000702200000, 0x0000000702400000|  0%| F|  |TAMS 0x0000000702200000| PB 0x0000000702200000| Untracked 
|  18|0x0000000702400000, 0x0000000702400000, 0x0000000702600000|  0%| F|  |TAMS 0x0000000702400000| PB 0x0000000702400000| Untracked 
|  19|0x0000000702600000, 0x0000000702600000, 0x0000000702800000|  0%| F|  |TAMS 0x0000000702600000| PB 0x0000000702600000| Untracked 
|  20|0x0000000702800000, 0x0000000702800000, 0x0000000702a00000|  0%| F|  |TAMS 0x0000000702800000| PB 0x0000000702800000| Untracked 
|  21|0x0000000702a00000, 0x0000000702a00000, 0x0000000702c00000|  0%| F|  |TAMS 0x0000000702a00000| PB 0x0000000702a00000| Untracked 
|  22|0x0000000702c00000, 0x0000000702c00000, 0x0000000702e00000|  0%| F|  |TAMS 0x0000000702c00000| PB 0x0000000702c00000| Untracked 
|  23|0x0000000702e00000, 0x0000000702e00000, 0x0000000703000000|  0%| F|  |TAMS 0x0000000702e00000| PB 0x0000000702e00000| Untracked 
|  24|0x0000000703000000, 0x0000000703000000, 0x0000000703200000|  0%| F|  |TAMS 0x0000000703000000| PB 0x0000000703000000| Untracked 
|  25|0x0000000703200000, 0x0000000703200000, 0x0000000703400000|  0%| F|  |TAMS 0x0000000703200000| PB 0x0000000703200000| Untracked 
|  26|0x0000000703400000, 0x0000000703400000, 0x0000000703600000|  0%| F|  |TAMS 0x0000000703400000| PB 0x0000000703400000| Untracked 
|  27|0x0000000703600000, 0x0000000703600000, 0x0000000703800000|  0%| F|  |TAMS 0x0000000703600000| PB 0x0000000703600000| Untracked 
|  28|0x0000000703800000, 0x0000000703800000, 0x0000000703a00000|  0%| F|  |TAMS 0x0000000703800000| PB 0x0000000703800000| Untracked 
|  29|0x0000000703a00000, 0x0000000703a00000, 0x0000000703c00000|  0%| F|  |TAMS 0x0000000703a00000| PB 0x0000000703a00000| Untracked 
|  30|0x0000000703c00000, 0x0000000703c00000, 0x0000000703e00000|  0%| F|  |TAMS 0x0000000703c00000| PB 0x0000000703c00000| Untracked 
|  31|0x0000000703e00000, 0x0000000703e00000, 0x0000000704000000|  0%| F|  |TAMS 0x0000000703e00000| PB 0x0000000703e00000| Untracked 
|  32|0x0000000704000000, 0x0000000704000000, 0x0000000704200000|  0%| F|  |TAMS 0x0000000704000000| PB 0x0000000704000000| Untracked 
|  33|0x0000000704200000, 0x0000000704200000, 0x0000000704400000|  0%| F|  |TAMS 0x0000000704200000| PB 0x0000000704200000| Untracked 
|  34|0x0000000704400000, 0x0000000704400000, 0x0000000704600000|  0%| F|  |TAMS 0x0000000704400000| PB 0x0000000704400000| Untracked 
|  35|0x0000000704600000, 0x0000000704600000, 0x0000000704800000|  0%| F|  |TAMS 0x0000000704600000| PB 0x0000000704600000| Untracked 
|  36|0x0000000704800000, 0x0000000704800000, 0x0000000704a00000|  0%| F|  |TAMS 0x0000000704800000| PB 0x0000000704800000| Untracked 
|  37|0x0000000704a00000, 0x0000000704a00000, 0x0000000704c00000|  0%| F|  |TAMS 0x0000000704a00000| PB 0x0000000704a00000| Untracked 
|  38|0x0000000704c00000, 0x0000000704c00000, 0x0000000704e00000|  0%| F|  |TAMS 0x0000000704c00000| PB 0x0000000704c00000| Untracked 
|  39|0x0000000704e00000, 0x0000000704e00000, 0x0000000705000000|  0%| F|  |TAMS 0x0000000704e00000| PB 0x0000000704e00000| Untracked 
|  40|0x0000000705000000, 0x0000000705000000, 0x0000000705200000|  0%| F|  |TAMS 0x0000000705000000| PB 0x0000000705000000| Untracked 
|  41|0x0000000705200000, 0x0000000705200000, 0x0000000705400000|  0%| F|  |TAMS 0x0000000705200000| PB 0x0000000705200000| Untracked 
|  42|0x0000000705400000, 0x0000000705400000, 0x0000000705600000|  0%| F|  |TAMS 0x0000000705400000| PB 0x0000000705400000| Untracked 
|  43|0x0000000705600000, 0x0000000705600000, 0x0000000705800000|  0%| F|  |TAMS 0x0000000705600000| PB 0x0000000705600000| Untracked 
|  44|0x0000000705800000, 0x0000000705800000, 0x0000000705a00000|  0%| F|  |TAMS 0x0000000705800000| PB 0x0000000705800000| Untracked 
|  45|0x0000000705a00000, 0x0000000705a00000, 0x0000000705c00000|  0%| F|  |TAMS 0x0000000705a00000| PB 0x0000000705a00000| Untracked 
|  46|0x0000000705c00000, 0x0000000705c00000, 0x0000000705e00000|  0%| F|  |TAMS 0x0000000705c00000| PB 0x0000000705c00000| Untracked 
|  47|0x0000000705e00000, 0x0000000705e00000, 0x0000000706000000|  0%| F|  |TAMS 0x0000000705e00000| PB 0x0000000705e00000| Untracked 
|  48|0x0000000706000000, 0x0000000706000000, 0x0000000706200000|  0%| F|  |TAMS 0x0000000706000000| PB 0x0000000706000000| Untracked 
|  49|0x0000000706200000, 0x0000000706200000, 0x0000000706400000|  0%| F|  |TAMS 0x0000000706200000| PB 0x0000000706200000| Untracked 
|  50|0x0000000706400000, 0x0000000706400000, 0x0000000706600000|  0%| F|  |TAMS 0x0000000706400000| PB 0x0000000706400000| Untracked 
|  51|0x0000000706600000, 0x0000000706600000, 0x0000000706800000|  0%| F|  |TAMS 0x0000000706600000| PB 0x0000000706600000| Untracked 
|  52|0x0000000706800000, 0x0000000706800000, 0x0000000706a00000|  0%| F|  |TAMS 0x0000000706800000| PB 0x0000000706800000| Untracked 
|  53|0x0000000706a00000, 0x0000000706a00000, 0x0000000706c00000|  0%| F|  |TAMS 0x0000000706a00000| PB 0x0000000706a00000| Untracked 
|  54|0x0000000706c00000, 0x0000000706c00000, 0x0000000706e00000|  0%| F|  |TAMS 0x0000000706c00000| PB 0x0000000706c00000| Untracked 
|  55|0x0000000706e00000, 0x0000000706e00000, 0x0000000707000000|  0%| F|  |TAMS 0x0000000706e00000| PB 0x0000000706e00000| Untracked 
|  56|0x0000000707000000, 0x0000000707000000, 0x0000000707200000|  0%| F|  |TAMS 0x0000000707000000| PB 0x0000000707000000| Untracked 
|  57|0x0000000707200000, 0x0000000707200000, 0x0000000707400000|  0%| F|  |TAMS 0x0000000707200000| PB 0x0000000707200000| Untracked 
|  58|0x0000000707400000, 0x0000000707400000, 0x0000000707600000|  0%| F|  |TAMS 0x0000000707400000| PB 0x0000000707400000| Untracked 
|  59|0x0000000707600000, 0x0000000707600000, 0x0000000707800000|  0%| F|  |TAMS 0x0000000707600000| PB 0x0000000707600000| Untracked 
|  60|0x0000000707800000, 0x0000000707800000, 0x0000000707a00000|  0%| F|  |TAMS 0x0000000707800000| PB 0x0000000707800000| Untracked 
|  61|0x0000000707a00000, 0x0000000707a00000, 0x0000000707c00000|  0%| F|  |TAMS 0x0000000707a00000| PB 0x0000000707a00000| Untracked 
|  62|0x0000000707c00000, 0x0000000707c00000, 0x0000000707e00000|  0%| F|  |TAMS 0x0000000707c00000| PB 0x0000000707c00000| Untracked 
|  63|0x0000000707e00000, 0x0000000707e00000, 0x0000000708000000|  0%| F|  |TAMS 0x0000000707e00000| PB 0x0000000707e00000| Untracked 
|  64|0x0000000708000000, 0x0000000708000000, 0x0000000708200000|  0%| F|  |TAMS 0x0000000708000000| PB 0x0000000708000000| Untracked 
|  65|0x0000000708200000, 0x0000000708200000, 0x0000000708400000|  0%| F|  |TAMS 0x0000000708200000| PB 0x0000000708200000| Untracked 
|  66|0x0000000708400000, 0x0000000708400000, 0x0000000708600000|  0%| F|  |TAMS 0x0000000708400000| PB 0x0000000708400000| Untracked 
|  67|0x0000000708600000, 0x0000000708600000, 0x0000000708800000|  0%| F|  |TAMS 0x0000000708600000| PB 0x0000000708600000| Untracked 
|  68|0x0000000708800000, 0x0000000708800000, 0x0000000708a00000|  0%| F|  |TAMS 0x0000000708800000| PB 0x0000000708800000| Untracked 
|  69|0x0000000708a00000, 0x0000000708a00000, 0x0000000708c00000|  0%| F|  |TAMS 0x0000000708a00000| PB 0x0000000708a00000| Untracked 
|  70|0x0000000708c00000, 0x0000000708c00000, 0x0000000708e00000|  0%| F|  |TAMS 0x0000000708c00000| PB 0x0000000708c00000| Untracked 
|  71|0x0000000708e00000, 0x0000000708e00000, 0x0000000709000000|  0%| F|  |TAMS 0x0000000708e00000| PB 0x0000000708e00000| Untracked 
|  72|0x0000000709000000, 0x0000000709000000, 0x0000000709200000|  0%| F|  |TAMS 0x0000000709000000| PB 0x0000000709000000| Untracked 
|  73|0x0000000709200000, 0x0000000709200000, 0x0000000709400000|  0%| F|  |TAMS 0x0000000709200000| PB 0x0000000709200000| Untracked 
|  74|0x0000000709400000, 0x0000000709400000, 0x0000000709600000|  0%| F|  |TAMS 0x0000000709400000| PB 0x0000000709400000| Untracked 
|  75|0x0000000709600000, 0x0000000709600000, 0x0000000709800000|  0%| F|  |TAMS 0x0000000709600000| PB 0x0000000709600000| Untracked 
|  76|0x0000000709800000, 0x0000000709800000, 0x0000000709a00000|  0%| F|  |TAMS 0x0000000709800000| PB 0x0000000709800000| Untracked 
|  77|0x0000000709a00000, 0x0000000709a00000, 0x0000000709c00000|  0%| F|  |TAMS 0x0000000709a00000| PB 0x0000000709a00000| Untracked 
|  78|0x0000000709c00000, 0x0000000709c00000, 0x0000000709e00000|  0%| F|  |TAMS 0x0000000709c00000| PB 0x0000000709c00000| Untracked 
|  79|0x0000000709e00000, 0x0000000709e00000, 0x000000070a000000|  0%| F|  |TAMS 0x0000000709e00000| PB 0x0000000709e00000| Untracked 
|  80|0x000000070a000000, 0x000000070a000000, 0x000000070a200000|  0%| F|  |TAMS 0x000000070a000000| PB 0x000000070a000000| Untracked 
|  81|0x000000070a200000, 0x000000070a200000, 0x000000070a400000|  0%| F|  |TAMS 0x000000070a200000| PB 0x000000070a200000| Untracked 
|  82|0x000000070a400000, 0x000000070a400000, 0x000000070a600000|  0%| F|  |TAMS 0x000000070a400000| PB 0x000000070a400000| Untracked 
|  83|0x000000070a600000, 0x000000070a600000, 0x000000070a800000|  0%| F|  |TAMS 0x000000070a600000| PB 0x000000070a600000| Untracked 
|  84|0x000000070a800000, 0x000000070a800000, 0x000000070aa00000|  0%| F|  |TAMS 0x000000070a800000| PB 0x000000070a800000| Untracked 
|  85|0x000000070aa00000, 0x000000070aa00000, 0x000000070ac00000|  0%| F|  |TAMS 0x000000070aa00000| PB 0x000000070aa00000| Untracked 
|  86|0x000000070ac00000, 0x000000070ac00000, 0x000000070ae00000|  0%| F|  |TAMS 0x000000070ac00000| PB 0x000000070ac00000| Untracked 
|  87|0x000000070ae00000, 0x000000070ae00000, 0x000000070b000000|  0%| F|  |TAMS 0x000000070ae00000| PB 0x000000070ae00000| Untracked 
|  88|0x000000070b000000, 0x000000070b000000, 0x000000070b200000|  0%| F|  |TAMS 0x000000070b000000| PB 0x000000070b000000| Untracked 
|  89|0x000000070b200000, 0x000000070b200000, 0x000000070b400000|  0%| F|  |TAMS 0x000000070b200000| PB 0x000000070b200000| Untracked 
|  90|0x000000070b400000, 0x000000070b400000, 0x000000070b600000|  0%| F|  |TAMS 0x000000070b400000| PB 0x000000070b400000| Untracked 
|  91|0x000000070b600000, 0x000000070b600000, 0x000000070b800000|  0%| F|  |TAMS 0x000000070b600000| PB 0x000000070b600000| Untracked 
|  92|0x000000070b800000, 0x000000070b800000, 0x000000070ba00000|  0%| F|  |TAMS 0x000000070b800000| PB 0x000000070b800000| Untracked 
|  93|0x000000070ba00000, 0x000000070ba00000, 0x000000070bc00000|  0%| F|  |TAMS 0x000000070ba00000| PB 0x000000070ba00000| Untracked 
|  94|0x000000070bc00000, 0x000000070bc00000, 0x000000070be00000|  0%| F|  |TAMS 0x000000070bc00000| PB 0x000000070bc00000| Untracked 
|  95|0x000000070be00000, 0x000000070be00000, 0x000000070c000000|  0%| F|  |TAMS 0x000000070be00000| PB 0x000000070be00000| Untracked 
|  96|0x000000070c000000, 0x000000070c000000, 0x000000070c200000|  0%| F|  |TAMS 0x000000070c000000| PB 0x000000070c000000| Untracked 
|  97|0x000000070c200000, 0x000000070c200000, 0x000000070c400000|  0%| F|  |TAMS 0x000000070c200000| PB 0x000000070c200000| Untracked 
|  98|0x000000070c400000, 0x000000070c400000, 0x000000070c600000|  0%| F|  |TAMS 0x000000070c400000| PB 0x000000070c400000| Untracked 
|  99|0x000000070c600000, 0x000000070c600000, 0x000000070c800000|  0%| F|  |TAMS 0x000000070c600000| PB 0x000000070c600000| Untracked 
| 100|0x000000070c800000, 0x000000070c800000, 0x000000070ca00000|  0%| F|  |TAMS 0x000000070c800000| PB 0x000000070c800000| Untracked 
| 101|0x000000070ca00000, 0x000000070ca00000, 0x000000070cc00000|  0%| F|  |TAMS 0x000000070ca00000| PB 0x000000070ca00000| Untracked 
| 102|0x000000070cc00000, 0x000000070cc00000, 0x000000070ce00000|  0%| F|  |TAMS 0x000000070cc00000| PB 0x000000070cc00000| Untracked 
| 103|0x000000070ce00000, 0x000000070ce00000, 0x000000070d000000|  0%| F|  |TAMS 0x000000070ce00000| PB 0x000000070ce00000| Untracked 
| 104|0x000000070d000000, 0x000000070d000000, 0x000000070d200000|  0%| F|  |TAMS 0x000000070d000000| PB 0x000000070d000000| Untracked 
| 105|0x000000070d200000, 0x000000070d200000, 0x000000070d400000|  0%| F|  |TAMS 0x000000070d200000| PB 0x000000070d200000| Untracked 
| 106|0x000000070d400000, 0x000000070d400000, 0x000000070d600000|  0%| F|  |TAMS 0x000000070d400000| PB 0x000000070d400000| Untracked 
| 107|0x000000070d600000, 0x000000070d600000, 0x000000070d800000|  0%| F|  |TAMS 0x000000070d600000| PB 0x000000070d600000| Untracked 
| 108|0x000000070d800000, 0x000000070d800000, 0x000000070da00000|  0%| F|  |TAMS 0x000000070d800000| PB 0x000000070d800000| Untracked 
| 109|0x000000070da00000, 0x000000070da00000, 0x000000070dc00000|  0%| F|  |TAMS 0x000000070da00000| PB 0x000000070da00000| Untracked 
| 110|0x000000070dc00000, 0x000000070dc00000, 0x000000070de00000|  0%| F|  |TAMS 0x000000070dc00000| PB 0x000000070dc00000| Untracked 
| 111|0x000000070de00000, 0x000000070e000000, 0x000000070e000000|100%| S|CS|TAMS 0x000000070de00000| PB 0x000000070de00000| Complete 
| 112|0x000000070e000000, 0x000000070e200000, 0x000000070e200000|100%| S|CS|TAMS 0x000000070e000000| PB 0x000000070e000000| Complete 
| 113|0x000000070e200000, 0x000000070e200000, 0x000000070e400000|  0%| F|  |TAMS 0x000000070e200000| PB 0x000000070e200000| Untracked 
| 114|0x000000070e400000, 0x000000070e400000, 0x000000070e600000|  0%| F|  |TAMS 0x000000070e400000| PB 0x000000070e400000| Untracked 
| 115|0x000000070e600000, 0x000000070e600000, 0x000000070e800000|  0%| F|  |TAMS 0x000000070e600000| PB 0x000000070e600000| Untracked 
| 116|0x000000070e800000, 0x000000070e800000, 0x000000070ea00000|  0%| F|  |TAMS 0x000000070e800000| PB 0x000000070e800000| Untracked 
| 117|0x000000070ea00000, 0x000000070ea00000, 0x000000070ec00000|  0%| F|  |TAMS 0x000000070ea00000| PB 0x000000070ea00000| Untracked 
| 118|0x000000070ec00000, 0x000000070ec00000, 0x000000070ee00000|  0%| F|  |TAMS 0x000000070ec00000| PB 0x000000070ec00000| Untracked 
| 119|0x000000070ee00000, 0x000000070ee00000, 0x000000070f000000|  0%| F|  |TAMS 0x000000070ee00000| PB 0x000000070ee00000| Untracked 
| 120|0x000000070f000000, 0x000000070f000000, 0x000000070f200000|  0%| F|  |TAMS 0x000000070f000000| PB 0x000000070f000000| Untracked 
| 121|0x000000070f200000, 0x000000070f200000, 0x000000070f400000|  0%| F|  |TAMS 0x000000070f200000| PB 0x000000070f200000| Untracked 
| 122|0x000000070f400000, 0x000000070f400000, 0x000000070f600000|  0%| F|  |TAMS 0x000000070f400000| PB 0x000000070f400000| Untracked 
| 123|0x000000070f600000, 0x000000070f73c4a0, 0x000000070f800000| 61%| E|  |TAMS 0x000000070f600000| PB 0x000000070f600000| Complete 
| 124|0x000000070f800000, 0x000000070fa00000, 0x000000070fa00000|100%| E|CS|TAMS 0x000000070f800000| PB 0x000000070f800000| Complete 
| 125|0x000000070fa00000, 0x000000070fc00000, 0x000000070fc00000|100%| E|CS|TAMS 0x000000070fa00000| PB 0x000000070fa00000| Complete 
| 126|0x000000070fc00000, 0x000000070fe00000, 0x000000070fe00000|100%| E|CS|TAMS 0x000000070fc00000| PB 0x000000070fc00000| Complete 
| 127|0x000000070fe00000, 0x0000000710000000, 0x0000000710000000|100%| E|CS|TAMS 0x000000070fe00000| PB 0x000000070fe00000| Complete 

Card table byte_map: [0x000000012ff14000,0x0000000130714000] _byte_map_base: 0x000000012c714000

Marking Bits: (CMBitMap*) 0x0000000bb8d0c510
 Bits: [0x0000000130714000, 0x0000000134714000)

Polling page: 0x00000001041bc000

Metaspace:

Usage:
  Non-class:     21.02 MB used.
      Class:      2.35 MB used.
       Both:     23.37 MB used.

Virtual space:
  Non-class space:       64.00 MB reserved,      21.19 MB ( 33%) committed,  1 nodes.
      Class space:        1.00 GB reserved,       2.44 MB ( <1%) committed,  1 nodes.
             Both:        1.06 GB reserved,      23.62 MB (  2%) committed. 

Chunk freelists:
   Non-Class:  10.80 MB
       Class:  13.45 MB
        Both:  24.25 MB

MaxMetaspaceSize: unlimited
CompressedClassSpaceSize: 1.00 GB
Initial GC threshold: 21.00 MB
Current GC threshold: 35.12 MB
CDS: off
 - commit_granule_bytes: 65536.
 - commit_granule_words: 8192.
 - virtual_space_node_default_size: 8388608.
 - enlarge_chunks_in_place: 1.
 - use_allocation_guard: 0.


Internal statistics:

num_allocs_failed_limit: 3.
num_arena_births: 272.
num_arena_deaths: 0.
num_vsnodes_births: 2.
num_vsnodes_deaths: 0.
num_space_committed: 378.
num_space_uncommitted: 0.
num_chunks_returned_to_freelist: 3.
num_chunks_taken_from_freelist: 797.
num_chunk_merges: 3.
num_chunk_splits: 525.
num_chunks_enlarged: 367.
num_inconsistent_stats: 0.

CodeHeap 'non-profiled nmethods': size=259296Kb used=575Kb max_used=575Kb free=258720Kb
 bounds [0x00000001201dc000, 0x000000012044c000, 0x000000012ff14000]
CodeHeap 'profiled nmethods': size=259296Kb used=3202Kb max_used=3202Kb free=256093Kb
 bounds [0x000000010ff14000, 0x0000000110244000, 0x000000011fc4c000]
CodeHeap 'non-nmethods': size=5696Kb used=1305Kb max_used=1336Kb free=4390Kb
 bounds [0x000000011fc4c000, 0x000000011febc000, 0x00000001201dc000]
CodeCache: size=524288Kb, used=5082Kb, max_used=5113Kb, free=519203Kb
 total_blobs=2275, nmethods=1700, adapters=484, full_count=0
Compilation: enabled, stopped_count=0, restarted_count=0

Compilation events (20 events):
Event: 0.369 Thread 0x0000000104945590 1693       3       jdk.internal.module.SystemModuleFinders$SystemModuleReader::find (59 bytes)
Event: 0.369 Thread 0x0000000104945590 nmethod 1693 0x000000011022d190 code [0x000000011022d4c0, 0x000000011022e0d0]
Event: 0.369 Thread 0x0000000104945590 1694       3       jdk.internal.module.SystemModuleFinders$SystemModuleReader::containsImageLocation (42 bytes)
Event: 0.369 Thread 0x0000000104945590 nmethod 1694 0x000000011022e590 code [0x000000011022e800, 0x000000011022ef30]
Event: 0.369 Thread 0x0000000104945590 1695       3       jdk.internal.jimage.ImageReader::verifyLocation (14 bytes)
Event: 0.369 Thread 0x0000000104945590 nmethod 1695 0x000000011022f210 code [0x000000011022f400, 0x000000011022f7b0]
Event: 0.369 Thread 0x0000000104945590 1696       3       jdk.internal.jimage.BasicImageReader::verifyLocation (39 bytes)
Event: 0.369 Thread 0x0000000104945590 nmethod 1696 0x000000011022f910 code [0x000000011022fb00, 0x000000011022fe98]
Event: 0.369 Thread 0x0000000104945590 1689       3       jdk.internal.org.objectweb.asm.ClassWriter::<init> (73 bytes)
Event: 0.369 Thread 0x0000000104945590 nmethod 1689 0x0000000110230010 code [0x0000000110230200, 0x0000000110230718]
Event: 0.370 Thread 0x0000000104945590 1698       3       java.util.Properties::getProperty (50 bytes)
Event: 0.370 Thread 0x0000000104945590 nmethod 1698 0x0000000110230910 code [0x0000000110230b00, 0x00000001102310b8]
Event: 0.371 Thread 0x0000000104945590 1699       3       java.lang.invoke.MethodHandles$Lookup::isArrayClone (50 bytes)
Event: 0.371 Thread 0x0000000104945590 nmethod 1699 0x0000000110231210 code [0x0000000110231480, 0x0000000110231c10]
Event: 0.371 Thread 0x0000000104945590 1702       3       java.lang.invoke.MethodTypeForm::cachedLambdaForm (23 bytes)
Event: 0.371 Thread 0x0000000104945590 nmethod 1702 0x0000000110231e90 code [0x0000000110232040, 0x0000000110232448]
Event: 0.371 Thread 0x0000000104945590 1700       3       sun.invoke.util.VerifyAccess::isMemberAccessible (338 bytes)
Event: 0.371 Thread 0x0000000104945590 nmethod 1700 0x0000000110232590 code [0x0000000110232a00, 0x0000000110233de8]
Event: 0.371 Thread 0x0000000104945590 1701       3       java.lang.invoke.MethodHandles$Lookup::makeHiddenClassDefiner (20 bytes)
Event: 0.371 Thread 0x0000000104945590 nmethod 1701 0x0000000110234410 code [0x0000000110234600, 0x0000000110234970]

GC Heap History (4 events):
Event: 0.145 GC heap before
{Heap before GC invocations=0 (full 0):
 garbage-first heap   total 262144K, used 20480K [0x0000000700000000, 0x0000000800000000)
  region size 2048K, 11 young (22528K), 0 survivors (0K)
 Metaspace       used 8024K, committed 8192K, reserved 1114112K
  class space    used 745K, committed 832K, reserved 1048576K
}
Event: 0.146 GC heap after
{Heap after GC invocations=1 (full 0):
 garbage-first heap   total 262144K, used 6560K [0x0000000700000000, 0x0000000800000000)
  region size 2048K, 2 young (4096K), 2 survivors (4096K)
 Metaspace       used 8024K, committed 8192K, reserved 1114112K
  class space    used 745K, committed 832K, reserved 1048576K
}
Event: 0.281 GC heap before
{Heap before GC invocations=1 (full 0):
 garbage-first heap   total 262144K, used 29088K [0x0000000700000000, 0x0000000800000000)
  region size 2048K, 15 young (30720K), 2 survivors (4096K)
 Metaspace       used 21243K, committed 21504K, reserved 1114112K
  class space    used 2106K, committed 2240K, reserved 1048576K
}
Event: 0.283 GC heap after
{Heap after GC invocations=2 (full 0):
 garbage-first heap   total 262144K, used 16885K [0x0000000700000000, 0x0000000800000000)
  region size 2048K, 2 young (4096K), 2 survivors (4096K)
 Metaspace       used 21243K, committed 21504K, reserved 1114112K
  class space    used 2106K, committed 2240K, reserved 1048576K
}

Dll operation events (10 events):
Event: 0.005 Loaded shared library /Applications/Android Studio.app/Contents/jbr/Contents/Home/lib/libjava.dylib
Event: 0.006 Loaded shared library /Applications/Android Studio.app/Contents/jbr/Contents/Home/lib/libzip.dylib
Event: 0.070 Loaded shared library /Applications/Android Studio.app/Contents/jbr/Contents/Home/lib/libnio.dylib
Event: 0.078 Loaded shared library /Applications/Android Studio.app/Contents/jbr/Contents/Home/lib/libzip.dylib
Event: 0.087 Loaded shared library /Applications/Android Studio.app/Contents/jbr/Contents/Home/lib/libnet.dylib
Event: 0.180 Loaded shared library /Applications/Android Studio.app/Contents/jbr/Contents/Home/lib/libjimage.dylib
Event: 0.328 Loaded shared library /Applications/Android Studio.app/Contents/jbr/Contents/Home/lib/libattach.dylib
Event: 0.354 Loaded shared library /Applications/Android Studio.app/Contents/jbr/Contents/Home/lib/libawt.dylib
Event: 0.361 Loaded shared library /Applications/Android Studio.app/Contents/jbr/Contents/Home/lib/libawt_lwawt.dylib
Event: 0.369 Loaded shared library /Applications/Android Studio.app/Contents/jbr/Contents/Home/lib/libfontmanager.dylib

Deoptimization events (20 events):
Event: 0.324 Thread 0x0000000bb96a3100 DEOPT PACKING pc=0x0000000120256da4 sp=0x000000016f19d230
Event: 0.324 Thread 0x0000000bb96a3100 DEOPT UNPACKING pc=0x000000011fc8f01c sp=0x000000016f19d190 mode 2
Event: 0.334 Thread 0x0000000bb96a3100 Uncommon trap: trap_request=0xffffff45 fr.pc=0x000000012020934c relative=0x000000000000040c
Event: 0.334 Thread 0x0000000bb96a3100 Uncommon trap: reason=unstable_if action=reinterpret pc=0x000000012020934c method=java.lang.StringLatin1.canEncode(C)Z @ 4 c2
Event: 0.334 Thread 0x0000000bb96a3100 DEOPT PACKING pc=0x000000012020934c sp=0x000000016f19ce90
Event: 0.334 Thread 0x0000000bb96a3100 DEOPT UNPACKING pc=0x000000011fc8f01c sp=0x000000016f19cde0 mode 2
Event: 0.337 Thread 0x0000000bb96a3100 Uncommon trap: trap_request=0xffffffde fr.pc=0x0000000120241e34 relative=0x00000000000004b4
Event: 0.337 Thread 0x0000000bb96a3100 Uncommon trap: reason=class_check action=maybe_recompile pc=0x0000000120241e34 method=java.util.HashMap.putVal(ILjava/lang/Object;Ljava/lang/Object;ZZ)Ljava/lang/Object; @ 253 c2
Event: 0.337 Thread 0x0000000bb96a3100 DEOPT PACKING pc=0x0000000120241e34 sp=0x000000016f19d3d0
Event: 0.337 Thread 0x0000000bb96a3100 DEOPT UNPACKING pc=0x000000011fc8f01c sp=0x000000016f19d290 mode 2
Event: 0.343 Thread 0x0000000bb96a3100 Uncommon trap: trap_request=0xffffff45 fr.pc=0x00000001201e4890 relative=0x00000000000000d0
Event: 0.343 Thread 0x0000000bb96a3100 Uncommon trap: reason=unstable_if action=reinterpret pc=0x00000001201e4890 method=java.lang.String.isLatin1()Z @ 10 c2
Event: 0.343 Thread 0x0000000bb96a3100 DEOPT PACKING pc=0x00000001201e4890 sp=0x000000016f19d6b0
Event: 0.343 Thread 0x0000000bb96a3100 DEOPT UNPACKING pc=0x000000011fc8f01c sp=0x000000016f19d5f0 mode 2
Event: 0.343 Thread 0x0000000bb96a3100 DEOPT PACKING pc=0x000000011017c89c sp=0x000000016f19d5d0
Event: 0.343 Thread 0x0000000bb96a3100 DEOPT UNPACKING pc=0x000000011fc8ee7c sp=0x000000016f19d280 mode 3
Event: 0.344 Thread 0x0000000bb96a3100 Uncommon trap: trap_request=0xffffff45 fr.pc=0x00000001201ff974 relative=0x0000000000000074
Event: 0.344 Thread 0x0000000bb96a3100 Uncommon trap: reason=unstable_if action=reinterpret pc=0x00000001201ff974 method=java.lang.String.isLatin1()Z @ 10 c2
Event: 0.344 Thread 0x0000000bb96a3100 DEOPT PACKING pc=0x00000001201ff974 sp=0x000000016f19cc50
Event: 0.344 Thread 0x0000000bb96a3100 DEOPT UNPACKING pc=0x000000011fc8f01c sp=0x000000016f19cbf0 mode 2

Classes loaded (20 events):
Event: 0.370 Loading class sun/lwawt/macosx/LWCToolkit$2
Event: 0.370 Loading class sun/lwawt/macosx/LWCToolkit$2 done
Event: 0.370 Loading class java/awt/Toolkit$DesktopPropertyChangeSupport
Event: 0.370 Loading class java/beans/PropertyChangeSupport
Event: 0.370 Loading class java/beans/PropertyChangeSupport done
Event: 0.370 Loading class java/awt/Toolkit$DesktopPropertyChangeSupport done
Event: 0.370 Loading class java/beans/PropertyChangeSupport$PropertyChangeListenerMap
Event: 0.370 Loading class java/beans/ChangeListenerMap
Event: 0.370 Loading class java/beans/ChangeListenerMap done
Event: 0.370 Loading class java/beans/PropertyChangeSupport$PropertyChangeListenerMap done
Event: 0.370 Loading class java/beans/PropertyChangeListener
Event: 0.370 Loading class java/beans/PropertyChangeListener done
Event: 0.370 Loading class sun/awt/SunToolkit$ModalityListenerList
Event: 0.370 Loading class sun/awt/ModalityListener
Event: 0.370 Loading class sun/awt/ModalityListener done
Event: 0.370 Loading class sun/awt/SunToolkit$ModalityListenerList done
Event: 0.370 Loading class java/util/Vector
Event: 0.370 Loading class java/util/Vector done
Event: 0.371 Loading class sun/awt/util/ThreadGroupUtils
Event: 0.371 Loading class sun/awt/util/ThreadGroupUtils done

Classes unloaded (0 events):
No events

Classes redefined (0 events):
No events

Internal exceptions (20 events):
Event: 0.208 Thread 0x0000000bb9933100 Exception <a 'java/lang/NoSuchMethodError'{0x000000070f436928}: 'int java.lang.invoke.DirectMethodHandle$Holder.invokeSpecial(java.lang.Object, java.lang.Object, java.lang.Object, java.lang.Object)'> (0x000000070f436928) 
thrown [src/hotspot/share/interpreter/linkResolver.cpp, line 784]
Event: 0.213 Thread 0x0000000bb9933100 Exception <a 'java/lang/NoSuchMethodError'{0x000000070f4c0a50}: 'int java.lang.invoke.DirectMethodHandle$Holder.invokeStatic(java.lang.Object)'> (0x000000070f4c0a50) 
thrown [src/hotspot/share/interpreter/linkResolver.cpp, line 784]
Event: 0.213 Thread 0x0000000bb9933100 Exception <a 'java/lang/NoSuchMethodError'{0x000000070f4c3be8}: 'int java.lang.invoke.DirectMethodHandle$Holder.invokeStaticInit(java.lang.Object)'> (0x000000070f4c3be8) 
thrown [src/hotspot/share/interpreter/linkResolver.cpp, line 784]
Event: 0.221 Thread 0x0000000bb96a3100 Exception <a 'sun/nio/fs/UnixException'{0x000000070f5c9ea0}> (0x000000070f5c9ea0) 
thrown [src/hotspot/share/prims/jni.cpp, line 537]
Event: 0.221 Thread 0x0000000bb96a3100 Exception <a 'sun/nio/fs/UnixException'{0x000000070f5ca520}> (0x000000070f5ca520) 
thrown [src/hotspot/share/prims/jni.cpp, line 537]
Event: 0.233 Thread 0x0000000bb96a3100 Exception <a 'java/lang/NoSuchMethodError'{0x000000070f293210}: 'java.lang.Object java.lang.invoke.DirectMethodHandle$Holder.invokeVirtual(java.lang.Object, java.lang.Object, java.lang.Object)'> (0x000000070f293210) 
thrown [src/hotspot/share/interpreter/linkResolver.cpp, line 784]
Event: 0.234 Thread 0x0000000bb96a3100 Exception <a 'java/net/BindException'{0x000000070f2a6158}> (0x000000070f2a6158) 
thrown [src/hotspot/share/prims/jni.cpp, line 537]
Event: 0.237 Thread 0x0000000bb96a3100 Exception <a 'java/net/SocketException'{0x000000070f2b7440}> (0x000000070f2b7440) 
thrown [src/hotspot/share/prims/jni.cpp, line 537]
Event: 0.279 Thread 0x0000000bb9a5ea00 Exception <a 'java/lang/NoSuchMethodError'{0x000000070ebe8760}: 'void java.lang.invoke.DirectMethodHandle$Holder.invokeStatic(java.lang.Object, java.lang.Object, java.lang.Object, java.lang.Object)'> (0x000000070ebe8760) 
thrown [src/hotspot/share/interpreter/linkResolver.cpp, line 784]
Event: 0.323 Thread 0x0000000bb96a3100 Exception <a 'java/io/IOException'{0x000000070f94d068}: Operation not permitted> (0x000000070f94d068) 
thrown [src/hotspot/os/posix/perfMemory_posix.cpp, line 506]
Event: 0.329 Thread 0x0000000bb96a3100 Exception <a 'java/io/IOException'{0x000000070f96b788}> (0x000000070f96b788) 
thrown [src/hotspot/share/prims/jni.cpp, line 537]
Event: 0.333 Thread 0x0000000bb96a3100 Exception <a 'java/lang/NoSuchMethodError'{0x000000070f98a0d8}: 'java.lang.Object java.lang.invoke.DirectMethodHandle$Holder.newInvokeSpecial(java.lang.Object, java.lang.Object, java.lang.Object, java.lang.Object, java.lang.Object, java.lang.Object)'> (0x000000070f98a0d8) 
thrown [src/hotspot/share/interpreter/linkResolver.cpp, line 784]
Event: 0.338 Thread 0x0000000bb96a3100 Exception <a 'java/lang/NoSuchMethodError'{0x000000070f9c3220}: 'java.lang.Object java.lang.invoke.Invokers$Holder.invokeExact_MT(java.lang.Object, java.lang.Object, java.lang.Object, java.lang.Object, java.lang.Object, java.lang.Object)'> (0x000000070f9c3220) 
thrown [src/hotspot/share/interpreter/linkResolver.cpp, line 784]
Event: 0.345 Thread 0x0000000bb96a3100 Exception <a 'java/lang/NoSuchMethodError'{0x000000070f63e640}: 'void java.lang.invoke.DirectMethodHandle$Holder.invokeSpecial(java.lang.Object, java.lang.Object, java.lang.Object)'> (0x000000070f63e640) 
thrown [src/hotspot/share/interpreter/linkResolver.cpp, line 784]
Event: 0.363 Thread 0x0000000bb96a3100 Exception <a 'java/lang/ClassNotFoundException'{0x000000070f6a7fe0}: sun/awt/resources/spi/awtProvider> (0x000000070f6a7fe0) 
thrown [src/hotspot/share/classfile/systemDictionary.cpp, line 312]
Event: 0.365 Thread 0x0000000bb96a3100 Exception <a 'sun/nio/fs/UnixException'{0x000000070f6b5318}> (0x000000070f6b5318) 
thrown [src/hotspot/share/prims/jni.cpp, line 537]
Event: 0.365 Thread 0x0000000bb96a3100 Exception <a 'sun/nio/fs/UnixException'{0x000000070f6b5a70}> (0x000000070f6b5a70) 
thrown [src/hotspot/share/prims/jni.cpp, line 537]
Event: 0.365 Thread 0x0000000bb96a3100 Exception <a 'sun/nio/fs/UnixException'{0x000000070f6de5d0}> (0x000000070f6de5d0) 
thrown [src/hotspot/share/prims/jni.cpp, line 537]
Event: 0.365 Thread 0x0000000bb96a3100 Exception <a 'sun/nio/fs/UnixException'{0x000000070f6ded78}> (0x000000070f6ded78) 
thrown [src/hotspot/share/prims/jni.cpp, line 537]
Event: 0.368 Thread 0x0000000bb96a3100 Exception <a 'java/lang/ClassNotFoundException'{0x000000070f6e5658}: sun/awt/resources/spi/awtosxProvider> (0x000000070f6e5658) 
thrown [src/hotspot/share/classfile/systemDictionary.cpp, line 312]

ZGC Phase Switch (0 events):
No events

VM Operations (20 events):
Event: 0.145 Executing safepoint VM operation: G1CollectForAllocation (G1 Evacuation Pause)
Event: 0.146 Executing safepoint VM operation: G1CollectForAllocation (G1 Evacuation Pause) done
Event: 0.213 Executing non-safepoint VM operation: HandshakeAllThreads (Deoptimize)
Event: 0.213 Executing non-safepoint VM operation: HandshakeAllThreads (Deoptimize) done
Event: 0.221 Executing safepoint VM operation: ICBufferFull
Event: 0.221 Executing safepoint VM operation: ICBufferFull done
Event: 0.223 Executing non-safepoint VM operation: HandshakeAllThreads (Deoptimize)
Event: 0.223 Executing non-safepoint VM operation: HandshakeAllThreads (Deoptimize) done
Event: 0.234 Executing non-safepoint VM operation: HandshakeAllThreads (Deoptimize)
Event: 0.235 Executing non-safepoint VM operation: HandshakeAllThreads (Deoptimize) done
Event: 0.278 Executing safepoint VM operation: ICBufferFull
Event: 0.278 Executing safepoint VM operation: ICBufferFull done
Event: 0.281 Executing safepoint VM operation: CollectForMetadataAllocation (Metadata GC Threshold)
Event: 0.283 Executing safepoint VM operation: CollectForMetadataAllocation (Metadata GC Threshold) done
Event: 0.284 Executing safepoint VM operation: G1PauseRemark
Event: 0.284 Executing safepoint VM operation: G1PauseRemark done
Event: 0.285 Executing safepoint VM operation: G1PauseCleanup
Event: 0.285 Executing safepoint VM operation: G1PauseCleanup done
Event: 0.345 Executing non-safepoint VM operation: HandshakeAllThreads (Deoptimize)
Event: 0.345 Executing non-safepoint VM operation: HandshakeAllThreads (Deoptimize) done

Memory protections (20 events):
Event: 0.034 Protecting memory [0x000000016d0e8000,0x000000016d0f4000] with protection modes 0
Event: 0.034 Protecting memory [0x000000016d2f4000,0x000000016d300000] with protection modes 0
Event: 0.034 Protecting memory [0x000000016d500000,0x000000016d50c000] with protection modes 0
Event: 0.034 Protecting memory [0x000000016d70c000,0x000000016d718000] with protection modes 0
Event: 0.035 Protecting memory [0x000000016d918000,0x000000016d924000] with protection modes 0
Event: 0.035 Protecting memory [0x000000016db24000,0x000000016db30000] with protection modes 0
Event: 0.035 Protecting memory [0x000000016dd30000,0x000000016dd3c000] with protection modes 0
Event: 0.084 Protecting memory [0x000000016df3c000,0x000000016df48000] with protection modes 0
Event: 0.197 Protecting memory [0x000000016eb84000,0x000000016eb90000] with protection modes 0
Event: 0.197 Protecting memory [0x000000016ed90000,0x000000016ed9c000] with protection modes 0
Event: 0.199 Protecting memory [0x000000016ef9c000,0x000000016efa8000] with protection modes 0
Event: 0.199 Protecting memory [0x000000016f1a8000,0x000000016f1b4000] with protection modes 0
Event: 0.202 Protecting memory [0x000000016f3b4000,0x000000016f3c0000] with protection modes 0
Event: 0.202 Protecting memory [0x000000016f5c0000,0x000000016f5cc000] with protection modes 0
Event: 0.202 Protecting memory [0x000000016f7cc000,0x000000016f7d8000] with protection modes 0
Event: 0.203 Protecting memory [0x000000016f9d8000,0x000000016f9e4000] with protection modes 0
Event: 0.203 Protecting memory [0x000000016fbe4000,0x000000016fbf0000] with protection modes 0
Event: 0.204 Protecting memory [0x000000016fdf0000,0x000000016fdfc000] with protection modes 0
Event: 0.272 Protecting memory [0x000000016fffc000,0x0000000170008000] with protection modes 0
Event: 0.372 Protecting memory [0x000000016b564000,0x000000016b570000] with protection modes 0

Nmethod flushes (0 events):
No events

Events (20 events):
Event: 0.034 Thread 0x00000001049309f0 Thread added: 0x0000000bb90fd500
Event: 0.034 Thread 0x00000001049309f0 Thread added: 0x0000000bb90fdc00
Event: 0.034 Thread 0x00000001049309f0 Thread added: 0x0000000bb90fe300
Event: 0.034 Thread 0x00000001049309f0 Thread added: 0x0000000bb90fea00
Event: 0.035 Thread 0x00000001049309f0 Thread added: 0x0000000bb90ff100
Event: 0.035 Thread 0x00000001049309f0 Thread added: 0x0000000104944d90
Event: 0.035 Thread 0x00000001049309f0 Thread added: 0x0000000104945590
Event: 0.084 Thread 0x00000001049309f0 Thread added: 0x0000000bb96a0000
Event: 0.197 Thread 0x00000001049309f0 Thread added: 0x0000000bb96a2300
Event: 0.197 Thread 0x00000001049309f0 Thread added: 0x0000000bb96a2a00
Event: 0.199 Thread 0x0000000bb96a2300 Thread added: 0x0000000bb96a3100
Event: 0.199 Thread 0x0000000bb96a2300 Thread added: 0x0000000bb96a3800
Event: 0.202 Thread 0x0000000bb96a2300 Thread added: 0x0000000bb9930000
Event: 0.202 Thread 0x0000000bb96a3800 Thread added: 0x0000000bb9930700
Event: 0.202 Thread 0x0000000bb96a2300 Thread added: 0x0000000bb9930e00
Event: 0.203 Thread 0x0000000bb96a2300 Thread added: 0x0000000bb9931500
Event: 0.203 Thread 0x0000000bb96a2300 Thread added: 0x0000000bb9932a00
Event: 0.204 Thread 0x0000000bb96a2300 Thread added: 0x0000000bb9933100
Event: 0.272 Thread 0x00000001049309f0 Thread added: 0x0000000bb9a5ea00
Event: 0.372 Thread 0x0000000bb9ba3800 Thread added: 0x0000000bb9ba3800


Dynamic libraries:
0x000000019e9e2000 	/usr/lib/libiconv.2.dylib
0x000000019e93f000 	/usr/lib/libcharset.1.dylib
0x000000019e9a8000 	/usr/lib/libSystem.B.dylib
0x000000019e9a2000 	/usr/lib/system/libcache.dylib
0x000000019e95d000 	/usr/lib/system/libcommonCrypto.dylib
0x000000019e988000 	/usr/lib/system/libcompiler_rt.dylib
0x000000019e97d000 	/usr/lib/system/libcopyfile.dylib
0x000000018e89d000 	/usr/lib/system/libcorecrypto.dylib
0x000000018e99d000 	/usr/lib/system/libdispatch.dylib
0x000000018e747000 	/usr/lib/system/libdyld.dylib
0x000000019e998000 	/usr/lib/system/libkeymgr.dylib
0x000000019e940000 	/usr/lib/system/libmacho.dylib
0x000000019dbd7000 	/usr/lib/system/libquarantine.dylib
0x000000019e995000 	/usr/lib/system/libremovefile.dylib
0x0000000195305000 	/usr/lib/system/libsystem_asl.dylib
0x000000018e823000 	/usr/lib/system/libsystem_blocks.dylib
0x000000018e9e8000 	/usr/lib/system/libsystem_c.dylib
0x000000019e98c000 	/usr/lib/system/libsystem_collections.dylib
0x000000019c578000 	/usr/lib/system/libsystem_configuration.dylib
0x000000019b167000 	/usr/lib/system/libsystem_containermanager.dylib
0x000000019e376000 	/usr/lib/system/libsystem_coreservices.dylib
0x0000000192b30000 	/usr/lib/system/libsystem_darwin.dylib
0x00000002937fc000 	/usr/lib/system/libsystem_darwindirectory.dylib
0x000000019e999000 	/usr/lib/system/libsystem_dnssd.dylib
0x0000000293800000 	/usr/lib/system/libsystem_eligibility.dylib
0x000000018e9e5000 	/usr/lib/system/libsystem_featureflags.dylib
0x000000018eb69000 	/usr/lib/system/libsystem_info.dylib
0x000000019e901000 	/usr/lib/system/libsystem_m.dylib
0x000000018e94c000 	/usr/lib/system/libsystem_malloc.dylib
0x0000000195268000 	/usr/lib/system/libsystem_networkextension.dylib
0x0000000192f9b000 	/usr/lib/system/libsystem_notify.dylib
0x000000019c57d000 	/usr/lib/system/libsystem_sandbox.dylib
0x000000029380a000 	/usr/lib/system/libsystem_sanitizers.dylib
0x000000019e991000 	/usr/lib/system/libsystem_secinit.dylib
0x000000018eb15000 	/usr/lib/system/libsystem_kernel.dylib
0x000000018eb60000 	/usr/lib/system/libsystem_platform.dylib
0x000000018eb53000 	/usr/lib/system/libsystem_pthread.dylib
0x0000000196ec3000 	/usr/lib/system/libsystem_symptoms.dylib
0x000000018e87c000 	/usr/lib/system/libsystem_trace.dylib
0x0000000293812000 	/usr/lib/system/libsystem_trial.dylib
0x000000019e96b000 	/usr/lib/system/libunwind.dylib
0x000000018e827000 	/usr/lib/system/libxpc.dylib
0x000000018e6f4000 	/usr/lib/libobjc.A.dylib
0x000000018eb99000 	/System/Library/Frameworks/CoreFoundation.framework/Versions/A/CoreFoundation
0x00000001a2218000 	/usr/lib/swift/libswiftCore.dylib
0x000000018eafa000 	/usr/lib/libc++abi.dylib
0x0000000291bdf000 	/usr/lib/libRosetta.dylib
0x000000018ea69000 	/usr/lib/libc++.1.dylib
0x0000000190406000 	/System/Library/Frameworks/Foundation.framework/Versions/C/Foundation
0x00000001abdb9000 	/usr/lib/swift/libswiftObjectiveC.dylib
0x0000000293065000 	/usr/lib/libswiftPrespecialized.dylib
0x0000000190075000 	/System/Library/Frameworks/SystemConfiguration.framework/Versions/A/SystemConfiguration
0x000000019e8f2000 	/usr/lib/libz.1.dylib
0x00000001993e5000 	/System/Library/PrivateFrameworks/CoreAutoLayout.framework/Versions/A/CoreAutoLayout
0x000000019e9aa000 	/usr/lib/libfakelink.dylib
0x000000019ebd0000 	/usr/lib/libcompression.dylib
0x0000000194eb2000 	/System/Library/Frameworks/CFNetwork.framework/Versions/A/CFNetwork
0x0000000198815000 	/System/Library/Frameworks/DiskArbitration.framework/Versions/A/DiskArbitration
0x000000019e9fd000 	/usr/lib/libarchive.2.dylib
0x000000019871a000 	/usr/lib/libDiagnosticMessagesClient.dylib
0x000000019285a000 	/usr/lib/libicucore.A.dylib
0x000000019942e000 	/usr/lib/libxml2.2.dylib
0x00000001a7075000 	/System/Library/Frameworks/CoreServices.framework/Versions/A/CoreServices
0x000000019c58b000 	/usr/lib/liblangid.dylib
0x0000000192eb2000 	/System/Library/Frameworks/IOKit.framework/Versions/A/IOKit
0x00000001a4d0f000 	/System/Library/Frameworks/Combine.framework/Versions/A/Combine
0x00000002473e3000 	/System/Library/PrivateFrameworks/CollectionsInternal.framework/Versions/A/CollectionsInternal
0x00000002732e2000 	/System/Library/PrivateFrameworks/ReflectionInternal.framework/Versions/A/ReflectionInternal
0x0000000274235000 	/System/Library/PrivateFrameworks/RuntimeInternal.framework/Versions/A/RuntimeInternal
0x000000019e9ac000 	/System/Library/PrivateFrameworks/SoftLinking.framework/Versions/A/SoftLinking
0x00000001bbe66000 	/usr/lib/swift/libswiftCoreFoundation.dylib
0x00000001b8cfe000 	/usr/lib/swift/libswiftDarwin.dylib
0x00000001a8de1000 	/usr/lib/swift/libswiftDispatch.dylib
0x00000001bbec7000 	/usr/lib/swift/libswiftIOKit.dylib
0x00000002934a8000 	/usr/lib/swift/libswiftSystem.dylib
0x00000001bbe79000 	/usr/lib/swift/libswiftXPC.dylib
0x00000002934da000 	/usr/lib/swift/libswift_Builtin_float.dylib
0x00000002934db000 	/usr/lib/swift/libswift_Concurrency.dylib
0x0000000293567000 	/usr/lib/swift/libswift_DarwinFoundation1.dylib
0x000000029360b000 	/usr/lib/swift/libswift_StringProcessing.dylib
0x00000001abdbd000 	/usr/lib/swift/libswiftos.dylib
0x0000000192e32000 	/System/Library/PrivateFrameworks/CoreServicesInternal.framework/Versions/A/CoreServicesInternal
0x000000019e975000 	/usr/lib/liboah.dylib
0x000000019243b000 	/System/Library/Frameworks/Security.framework/Versions/A/Security
0x00000001ab1ed000 	/System/Library/PrivateFrameworks/DiskImages.framework/Versions/A/DiskImages
0x00000001b87a3000 	/System/Library/Frameworks/NetFS.framework/Versions/A/NetFS
0x00000001993aa000 	/System/Library/Frameworks/CoreServices.framework/Versions/A/Frameworks/FSEvents.framework/Versions/A/FSEvents
0x0000000192b3a000 	/System/Library/Frameworks/CoreServices.framework/Versions/A/Frameworks/CarbonCore.framework/Versions/A/CarbonCore
0x0000000198789000 	/System/Library/Frameworks/CoreServices.framework/Versions/A/Frameworks/Metadata.framework/Versions/A/Metadata
0x000000019e37d000 	/System/Library/Frameworks/CoreServices.framework/Versions/A/Frameworks/OSServices.framework/Versions/A/OSServices
0x000000019eaf5000 	/System/Library/Frameworks/CoreServices.framework/Versions/A/Frameworks/SearchKit.framework/Versions/A/SearchKit
0x0000000196e3d000 	/System/Library/Frameworks/CoreServices.framework/Versions/A/Frameworks/AE.framework/Versions/A/AE
0x000000018f0f8000 	/System/Library/Frameworks/CoreServices.framework/Versions/A/Frameworks/LaunchServices.framework/Versions/A/LaunchServices
0x000000019fe7b000 	/System/Library/Frameworks/CoreServices.framework/Versions/A/Frameworks/DictionaryServices.framework/Versions/A/DictionaryServices
0x00000001993b7000 	/System/Library/Frameworks/CoreServices.framework/Versions/A/Frameworks/SharedFileList.framework/Versions/A/SharedFileList
0x000000019eb88000 	/usr/lib/libapple_nghttp2.dylib
0x0000000196a54000 	/usr/lib/libsqlite3.dylib
0x00000001ab42f000 	/System/Library/PrivateFrameworks/AppSupport.framework/Versions/A/AppSupport
0x00000001986ea000 	/System/Library/PrivateFrameworks/CoreAnalytics.framework/Versions/A/CoreAnalytics
0x00000001958f8000 	/System/Library/Frameworks/CoreGraphics.framework/Versions/A/CoreGraphics
0x00000001a2f4a000 	/System/Library/Frameworks/GSS.framework/Versions/A/GSS
0x0000000196dd1000 	/System/Library/PrivateFrameworks/RunningBoardServices.framework/Versions/A/RunningBoardServices
0x00000001abd41000 	/System/Library/PrivateFrameworks/StreamingZip.framework/Versions/A/StreamingZip
0x0000000195283000 	/usr/lib/libenergytrace.dylib
0x0000000196ecc000 	/System/Library/Frameworks/Network.framework/Versions/A/Network
0x000000019dbff000 	/usr/lib/libbsm.0.dylib
0x000000019e944000 	/usr/lib/system/libkxld.dylib
0x00000002429c3000 	/System/Library/PrivateFrameworks/AppleKeyStore.framework/Versions/A/AppleKeyStore
0x00000002918e1000 	/usr/lib/libCoreEntitlements.dylib
0x00000002679c5000 	/System/Library/PrivateFrameworks/MessageSecurity.framework/Versions/A/MessageSecurity
0x0000000196a38000 	/System/Library/PrivateFrameworks/ProtocolBuffer.framework/Versions/A/ProtocolBuffer
0x00000001a81f0000 	/System/Library/PrivateFrameworks/SymptomDiagnosticReporter.framework/Versions/A/SymptomDiagnosticReporter
0x00000001a00c0000 	/System/Library/PrivateFrameworks/CrashReporterSupport.framework/Versions/A/CrashReporterSupport
0x0000000195285000 	/usr/lib/libMobileGestalt.dylib
0x000000019e35d000 	/System/Library/PrivateFrameworks/AppleFSCompression.framework/Versions/A/AppleFSCompression
0x000000019dbe7000 	/usr/lib/libcoretls.dylib
0x000000019fef1000 	/usr/lib/libcoretls_cfhelpers.dylib
0x000000019ebca000 	/usr/lib/libpam.2.dylib
0x000000019ff67000 	/usr/lib/libxar.1.dylib
0x000000019fef3000 	/System/Library/PrivateFrameworks/APFS.framework/Versions/A/APFS
0x000000027f962000 	/System/Library/PrivateFrameworks/SwiftASN1Internal.framework/Versions/A/SwiftASN1Internal
0x000000019ff76000 	/usr/lib/libutil.dylib
0x000000019c586000 	/System/Library/PrivateFrameworks/AppleSystemInfo.framework/Versions/A/AppleSystemInfo
0x000000019d8ae000 	/System/Library/PrivateFrameworks/IOMobileFramebuffer.framework/Versions/A/IOMobileFramebuffer
0x000000019b1a0000 	/System/Library/Frameworks/IOSurface.framework/Versions/A/IOSurface
0x00000001bbd28000 	/System/Library/PrivateFrameworks/LoggingSupport.framework/Versions/A/LoggingSupport
0x00000001a2fad000 	/System/Library/PrivateFrameworks/MobileAsset.framework/Versions/A/MobileAsset
0x00000001a8200000 	/System/Library/PrivateFrameworks/PowerLog.framework/Versions/A/PowerLog
0x000000023b5e6000 	/System/Library/Frameworks/SwiftData.framework/Versions/A/SwiftData
0x00000001948e7000 	/System/Library/Frameworks/UniformTypeIdentifiers.framework/Versions/A/UniformTypeIdentifiers
0x00000001995d7000 	/System/Library/PrivateFrameworks/UserManagement.framework/Versions/A/UserManagement
0x0000000194dd9000 	/usr/lib/libboringssl.dylib
0x0000000196eb1000 	/usr/lib/libdns_services.dylib
0x00000001bad5e000 	/usr/lib/libquic.dylib
0x00000001a21a9000 	/usr/lib/libusrtcp.dylib
0x000000024387c000 	/System/Library/PrivateFrameworks/AtomicsInternal.framework/Versions/A/AtomicsInternal
0x00000001e1fef000 	/System/Library/PrivateFrameworks/InternalSwiftProtobuf.framework/Versions/A/InternalSwiftProtobuf
0x000000029332f000 	/usr/lib/swift/libswiftDistributed.dylib
0x0000000293358000 	/usr/lib/swift/libswiftObservation.dylib
0x0000000293494000 	/usr/lib/swift/libswiftSynchronization.dylib
0x000000019c584000 	/System/Library/PrivateFrameworks/AggregateDictionary.framework/Versions/A/AggregateDictionary
0x00000002440aa000 	/System/Library/PrivateFrameworks/BiomeLibrary.framework/Versions/A/BiomeLibrary
0x00000001cae72000 	/System/Library/PrivateFrameworks/BiomeStreams.framework/Versions/A/BiomeStreams
0x00000001c6ed8000 	/System/Library/PrivateFrameworks/BiomeFoundation.framework/Versions/A/BiomeFoundation
0x00000001d10f4000 	/System/Library/PrivateFrameworks/BiomePubSub.framework/Versions/A/BiomePubSub
0x000000019664a000 	/System/Library/Frameworks/CoreData.framework/Versions/A/CoreData
0x00000001acd24000 	/System/Library/PrivateFrameworks/ProactiveSupport.framework/Versions/A/ProactiveSupport
0x000000019fed2000 	/usr/lib/liblzma.5.dylib
0x00000001a72f4000 	/System/Library/Frameworks/Accelerate.framework/Versions/A/Accelerate
0x000000019dae0000 	/System/Library/PrivateFrameworks/MobileKeyBag.framework/Versions/A/MobileKeyBag
0x00000001ab743000 	/System/Library/PrivateFrameworks/InternationalTextSearch.framework/Versions/A/InternationalTextSearch
0x00000001c33b4000 	/System/Library/PrivateFrameworks/SoftwareUpdateCoreSupport.framework/Versions/A/SoftwareUpdateCoreSupport
0x00000001cb910000 	/System/Library/PrivateFrameworks/SoftwareUpdateCoreConnect.framework/Versions/A/SoftwareUpdateCoreConnect
0x00000001ab2e7000 	/System/Library/PrivateFrameworks/RemoteServiceDiscovery.framework/Versions/A/RemoteServiceDiscovery
0x00000001c2f8c000 	/System/Library/PrivateFrameworks/MSUDataAccessor.framework/Versions/A/MSUDataAccessor
0x00000001bdef4000 	/usr/lib/libbootpolicy.dylib
0x00000001ab2fe000 	/System/Library/PrivateFrameworks/RemoteXPC.framework/Versions/A/RemoteXPC
0x00000001cad46000 	/usr/lib/libFDR.dylib
0x00000001d0cf6000 	/usr/lib/libamsupport.dylib
0x0000000291bd7000 	/usr/lib/libReverseProxyDevice.dylib
0x0000000242233000 	/System/Library/PrivateFrameworks/AppleDeviceQuerySupport.framework/Versions/A/AppleDeviceQuerySupport
0x00000001d3eb8000 	/usr/lib/libpartition2_dynamic.dylib
0x000000019eb64000 	/System/Library/PrivateFrameworks/AppleSauce.framework/Versions/A/AppleSauce
0x000000029178c000 	/usr/lib/libAppleArchive.dylib
0x000000019e369000 	/usr/lib/libbz2.1.0.dylib
0x000000019881f000 	/System/Library/Frameworks/Accelerate.framework/Versions/A/Frameworks/vImage.framework/Versions/A/vImage
0x00000001a7050000 	/System/Library/Frameworks/Accelerate.framework/Versions/A/Frameworks/vecLib.framework/Versions/A/vecLib
0x000000019ffad000 	/System/Library/Frameworks/Accelerate.framework/Versions/A/Frameworks/vecLib.framework/Versions/A/libvMisc.dylib
0x000000018f5fc000 	/System/Library/Frameworks/Accelerate.framework/Versions/A/Frameworks/vecLib.framework/Versions/A/libBLAS.dylib
0x0000000199515000 	/System/Library/Frameworks/CoreVideo.framework/Versions/A/CoreVideo
0x000000019604e000 	/System/Library/Frameworks/ColorSync.framework/Versions/A/ColorSync
0x0000000191a7c000 	/System/Library/Frameworks/CoreText.framework/Versions/A/CoreText
0x000000019bc93000 	/System/Library/Frameworks/ImageIO.framework/Versions/A/ImageIO
0x0000000195341000 	/System/Library/PrivateFrameworks/SkyLight.framework/Versions/A/SkyLight
0x000000019b66e000 	/System/Library/PrivateFrameworks/FontServices.framework/libFontParser.dylib
0x0000000196cdf000 	/System/Library/PrivateFrameworks/BaseBoard.framework/Versions/A/BaseBoard
0x00000001a9142000 	/System/Library/PrivateFrameworks/BoardServices.framework/Versions/A/BoardServices
0x00000001ab00f000 	/System/Library/PrivateFrameworks/BackBoardServices.framework/Versions/A/BackBoardServices
0x0000000243faf000 	/System/Library/PrivateFrameworks/BackBoardHIDEventFoundation.framework/Versions/A/BackBoardHIDEventFoundation
0x0000000191598000 	/System/Library/Frameworks/CoreDisplay.framework/Versions/A/CoreDisplay
0x00000001a0b8b000 	/System/Library/Frameworks/VideoToolbox.framework/Versions/A/VideoToolbox
0x000000019ebc8000 	/System/Library/Frameworks/MetalPerformanceShaders.framework/Versions/A/MetalPerformanceShaders
0x00000002721ec000 	/System/Library/PrivateFrameworks/ProDisplayLibrary.framework/Versions/A/ProDisplayLibrary
0x00000001aee40000 	/System/Library/PrivateFrameworks/IOSurfaceAccelerator.framework/Versions/A/IOSurfaceAccelerator
0x000000019b1c8000 	/System/Library/Frameworks/Metal.framework/Versions/A/Metal
0x000000019b1bd000 	/System/Library/PrivateFrameworks/IOAccelerator.framework/Versions/A/IOAccelerator
0x000000019b4cc000 	/System/Library/Frameworks/CoreMedia.framework/Versions/A/CoreMedia
0x000000019531d000 	/System/Library/PrivateFrameworks/TCC.framework/Versions/A/TCC
0x00000001a0b43000 	/System/Library/PrivateFrameworks/WatchdogClient.framework/Versions/A/WatchdogClient
0x0000000198c44000 	/System/Library/Frameworks/QuartzCore.framework/Versions/A/QuartzCore
0x00000001a0b45000 	/System/Library/PrivateFrameworks/MultitouchSupport.framework/Versions/A/MultitouchSupport
0x00000001d3c9e000 	/usr/lib/swift/libswiftAccelerate.dylib
0x00000001bbe46000 	/usr/lib/swift/libswiftCoreAudio.dylib
0x00000001d7e19000 	/usr/lib/swift/libswiftCoreMedia.dylib
0x00000001c9e07000 	/usr/lib/swift/libswiftMetal.dylib
0x00000001d95cc000 	/usr/lib/swift/libswiftOSLog.dylib
0x00000001cf1fb000 	/usr/lib/swift/libswiftQuartzCore.dylib
0x00000001d3c8e000 	/usr/lib/swift/libswiftUniformTypeIdentifiers.dylib
0x00000002934c2000 	/usr/lib/swift/libswiftVideoToolbox.dylib
0x00000001bf9b8000 	/usr/lib/swift/libswiftsimd.dylib
0x00000001d1155000 	/System/Library/PrivateFrameworks/BiomeStorage.framework/Versions/A/BiomeStorage
0x0000000260709000 	/System/Library/PrivateFrameworks/IntelligencePlatformLibrary.framework/Versions/A/IntelligencePlatformLibrary
0x0000000270fb0000 	/System/Library/PrivateFrameworks/PoirotSchematizer.framework/Versions/A/PoirotSchematizer
0x000000024495d000 	/System/Library/PrivateFrameworks/BiomeSync.framework/Versions/A/BiomeSync
0x0000000244090000 	/System/Library/PrivateFrameworks/BiomeDSL.framework/Versions/A/BiomeDSL
0x00000001ea1b8000 	/System/Library/PrivateFrameworks/FeatureFlags.framework/Versions/A/FeatureFlags
0x000000027101e000 	/System/Library/PrivateFrameworks/PoirotUDFs.framework/Versions/A/PoirotUDFs
0x000000029356a000 	/usr/lib/swift/libswift_DarwinFoundation2.dylib
0x000000029356b000 	/usr/lib/swift/libswift_DarwinFoundation3.dylib
0x00000001a96b7000 	/System/Library/PrivateFrameworks/CoreTime.framework/Versions/A/CoreTime
0x0000000270f73000 	/System/Library/PrivateFrameworks/PoirotSQLite.framework/Versions/A/PoirotSQLite
0x000000029356c000 	/usr/lib/swift/libswift_RegexParser.dylib
0x0000000245f93000 	/System/Library/PrivateFrameworks/CascadeSets.framework/Versions/A/CascadeSets
0x00000001a3124000 	/System/Library/PrivateFrameworks/CorePhoneNumbers.framework/Versions/A/CorePhoneNumbers
0x00000001a093d000 	/System/Library/PrivateFrameworks/AppleJPEG.framework/Versions/A/AppleJPEG
0x00000001a0317000 	/usr/lib/libexpat.1.dylib
0x00000001a1108000 	/System/Library/Frameworks/ImageIO.framework/Versions/A/Resources/libPng.dylib
0x00000001a1133000 	/System/Library/Frameworks/ImageIO.framework/Versions/A/Resources/libTIFF.dylib
0x00000001a121b000 	/System/Library/Frameworks/ImageIO.framework/Versions/A/Resources/libGIF.dylib
0x00000001a0982000 	/System/Library/Frameworks/ImageIO.framework/Versions/A/Resources/libJP2.dylib
0x00000001a0027000 	/usr/lib/libate.dylib
0x00000001a11c2000 	/System/Library/Frameworks/ImageIO.framework/Versions/A/Resources/libJPEG.dylib
0x00000001a11b9000 	/System/Library/Frameworks/ImageIO.framework/Versions/A/Resources/libRadiance.dylib
0x00000002563c0000 	/System/Library/PrivateFrameworks/GPUCompiler.framework/Versions/32023/Libraries/libllvm-flatbuffers.dylib
0x0000000250e1f000 	/System/Library/PrivateFrameworks/FramePacing.framework/Versions/A/FramePacing
0x0000000234032000 	/System/Library/Frameworks/OpenGL.framework/Versions/A/Libraries/libCoreFSCache.dylib
0x0000000251f4d000 	/System/Library/PrivateFrameworks/GPUCompiler.framework/Versions/32023/Libraries/libGPUCompilerUtils.dylib
0x00000001a920f000 	/System/Library/PrivateFrameworks/GraphicsServices.framework/Versions/A/GraphicsServices
0x0000000234040000 	/System/Library/Frameworks/OpenGL.framework/Versions/A/OpenGL
0x0000000234091000 	/System/Library/Frameworks/OpenGL.framework/Versions/A/Libraries/libGLU.dylib
0x0000000234054000 	/System/Library/Frameworks/OpenGL.framework/Versions/A/Libraries/libGFXShared.dylib
0x0000000234221000 	/System/Library/Frameworks/OpenGL.framework/Versions/A/Libraries/libGL.dylib
0x000000023405d000 	/System/Library/Frameworks/OpenGL.framework/Versions/A/Libraries/libGLImage.dylib
0x0000000234051000 	/System/Library/Frameworks/OpenGL.framework/Versions/A/Libraries/libCVMSPluginSupport.dylib
0x000000023403a000 	/System/Library/Frameworks/OpenGL.framework/Versions/A/Libraries/libCoreVMClient.dylib
0x00000001a11b4000 	/System/Library/PrivateFrameworks/GPUWrangler.framework/Versions/A/GPUWrangler
0x00000001a1194000 	/System/Library/PrivateFrameworks/IOPresentment.framework/Versions/A/IOPresentment
0x00000001a11bc000 	/System/Library/PrivateFrameworks/DSExternalDisplay.framework/Versions/A/DSExternalDisplay
0x0000000287525000 	/System/Library/PrivateFrameworks/VideoToolboxParavirtualizationSupport.framework/Versions/A/VideoToolboxParavirtualizationSupport
0x00000001a02ce000 	/System/Library/PrivateFrameworks/AppleVA.framework/Versions/A/AppleVA
0x00000002360bc000 	/System/Library/Frameworks/ExtensionFoundation.framework/Versions/A/ExtensionFoundation
0x00000001a1221000 	/System/Library/PrivateFrameworks/CMCaptureCore.framework/Versions/A/CMCaptureCore
0x00000001a05a7000 	/usr/lib/libspindump.dylib
0x0000000191ca5000 	/System/Library/Frameworks/CoreAudio.framework/Versions/A/CoreAudio
0x00000001a059a000 	/System/Library/PrivateFrameworks/AppServerSupport.framework/Versions/A/AppServerSupport
0x00000001a2f1c000 	/System/Library/PrivateFrameworks/perfdata.framework/Versions/A/perfdata
0x00000001916b9000 	/System/Library/PrivateFrameworks/AudioToolboxCore.framework/Versions/A/AudioToolboxCore
0x000000019b4a2000 	/System/Library/PrivateFrameworks/caulk.framework/Versions/A/caulk
0x00000001a2b19000 	/usr/lib/libAudioStatistics.dylib
0x00000001bae53000 	/System/Library/PrivateFrameworks/SystemPolicy.framework/Versions/A/SystemPolicy
0x00000001a2dc1000 	/usr/lib/libSMC.dylib
0x00000001c27a0000 	/usr/lib/swift/libswiftCoreMIDI.dylib
0x00000001ae132000 	/System/Library/Frameworks/CoreMIDI.framework/Versions/A/CoreMIDI
0x00000001a10e2000 	/usr/lib/libAudioToolboxUtility.dylib
0x00000001a2f2a000 	/usr/lib/libperfcheck.dylib
0x000000024394b000 	/System/Library/PrivateFrameworks/AudioAnalytics.framework/Versions/A/AudioAnalytics
0x00000001e1cdd000 	/System/Library/Frameworks/OSLog.framework/Versions/A/OSLog
0x000000026ca26000 	/System/Library/PrivateFrameworks/OSEligibility.framework/Versions/A/OSEligibility
0x00000002374a0000 	/System/Library/Frameworks/LightweightCodeRequirements.framework/Versions/A/LightweightCodeRequirements
0x00000001a0217000 	/System/Library/PrivateFrameworks/PlugInKit.framework/Versions/A/PlugInKit
0x000000019daf8000 	/System/Library/PrivateFrameworks/AssertionServices.framework/Versions/A/AssertionServices
0x000000019bfd3000 	/System/Library/Frameworks/CoreImage.framework/Versions/A/CoreImage
0x00000001a054a000 	/System/Library/PrivateFrameworks/GraphVisualizer.framework/Versions/A/GraphVisualizer
0x0000000250d2a000 	/System/Library/PrivateFrameworks/FontServices.framework/Versions/A/FontServices
0x00000001a055a000 	/System/Library/PrivateFrameworks/OTSVG.framework/Versions/A/OTSVG
0x000000019905a000 	/System/Library/Frameworks/ApplicationServices.framework/Versions/A/Frameworks/ATS.framework/Versions/A/Resources/libFontRegistry.dylib
0x000000029269f000 	/usr/lib/libhvf.dylib
0x000000026d6b2000 	/System/Library/PrivateFrameworks/ParsingInternal.framework/Versions/A/ParsingInternal
0x0000000250d2e000 	/System/Library/PrivateFrameworks/FontServices.framework/libXTFontStaticRegistryData.dylib
0x000000019c4be000 	/System/Library/Frameworks/MetalPerformanceShaders.framework/Versions/A/Frameworks/MPSCore.framework/Versions/A/MPSCore
0x000000019e2c8000 	/System/Library/Frameworks/MetalPerformanceShaders.framework/Versions/A/Frameworks/MPSImage.framework/Versions/A/MPSImage
0x000000019dc87000 	/System/Library/Frameworks/MetalPerformanceShaders.framework/Versions/A/Frameworks/MPSNeuralNetwork.framework/Versions/A/MPSNeuralNetwork
0x000000019e0c6000 	/System/Library/Frameworks/MetalPerformanceShaders.framework/Versions/A/Frameworks/MPSMatrix.framework/Versions/A/MPSMatrix
0x000000019dede000 	/System/Library/Frameworks/MetalPerformanceShaders.framework/Versions/A/Frameworks/MPSRayIntersector.framework/Versions/A/MPSRayIntersector
0x000000019e0f8000 	/System/Library/Frameworks/MetalPerformanceShaders.framework/Versions/A/Frameworks/MPSNDArray.framework/Versions/A/MPSNDArray
0x0000000238325000 	/System/Library/Frameworks/MetalPerformanceShaders.framework/Versions/A/Frameworks/MPSFunctions.framework/Versions/A/MPSFunctions
0x0000000238306000 	/System/Library/Frameworks/MetalPerformanceShaders.framework/Versions/A/Frameworks/MPSBenchmarkLoop.framework/Versions/A/MPSBenchmarkLoop
0x0000000238339000 	/System/Library/Frameworks/MetalPerformanceShaders.framework/Versions/A/Frameworks/MPSHost.framework/Versions/A/MPSHost
0x000000018f413000 	/System/Library/PrivateFrameworks/MetalTools.framework/Versions/A/MetalTools
0x00000001c10dd000 	/System/Library/PrivateFrameworks/IOAccelMemoryInfo.framework/Versions/A/IOAccelMemoryInfo
0x00000001cf5ee000 	/System/Library/PrivateFrameworks/kperf.framework/Versions/A/kperf
0x00000001bbe42000 	/System/Library/PrivateFrameworks/GPURawCounter.framework/Versions/A/GPURawCounter
0x00000001aceaf000 	/System/Library/PrivateFrameworks/ASEProcessing.framework/Versions/A/ASEProcessing
0x00000001dd69b000 	/System/Library/PrivateFrameworks/Symbolication.framework/Versions/A/Symbolication
0x0000000270b5f000 	/System/Library/PrivateFrameworks/PhotosensitivityProcessing.framework/Versions/A/PhotosensitivityProcessing
0x0000000274487000 	/System/Library/PrivateFrameworks/SILManager.framework/Versions/A/SILManager
0x00000001a955a000 	/System/Library/PrivateFrameworks/CoreSymbolication.framework/Versions/A/CoreSymbolication
0x00000001bbdb7000 	/System/Library/PrivateFrameworks/MallocStackLogging.framework/Versions/A/MallocStackLogging
0x00000001a9538000 	/System/Library/PrivateFrameworks/DebugSymbols.framework/Versions/A/DebugSymbols
0x00000001cdd61000 	/System/Library/PrivateFrameworks/OSAnalytics.framework/Versions/A/OSAnalytics
0x000000024ea8c000 	/System/Library/PrivateFrameworks/DeviceRecovery.framework/Versions/A/DeviceRecovery
0x0000000282db5000 	/System/Library/PrivateFrameworks/Tightbeam.framework/Versions/A/Tightbeam
0x00000001c9e15000 	/usr/lib/swift/libswiftCompression.dylib
0x00000001d4425000 	/System/Library/PrivateFrameworks/AFKUser.framework/Versions/A/AFKUser
0x00000001a28c3000 	/System/Library/Frameworks/AudioToolbox.framework/Versions/A/AudioToolbox
0x00000001a2a98000 	/System/Library/PrivateFrameworks/AudioSession.framework/Versions/A/AudioSession
0x00000001a045b000 	/System/Library/PrivateFrameworks/MediaExperience.framework/Versions/A/MediaExperience
0x00000001a286d000 	/System/Library/PrivateFrameworks/AudioSession.framework/libSessionUtility.dylib
0x00000001b3ce8000 	/System/Library/PrivateFrameworks/HID.framework/Versions/A/HID
0x000000019db07000 	/System/Library/Frameworks/SecurityFoundation.framework/Versions/A/SecurityFoundation
0x000000018fdf7000 	/System/Library/PrivateFrameworks/Lexicon.framework/Versions/A/Lexicon
0x000000019dc70000 	/usr/lib/libgermantok.dylib
0x000000019c6ad000 	/System/Library/PrivateFrameworks/LinguisticData.framework/Versions/A/LinguisticData
0x00000001a82ee000 	/System/Library/PrivateFrameworks/MediaKit.framework/Versions/A/MediaKit
0x00000001a823c000 	/System/Library/Frameworks/DiscRecording.framework/Versions/A/DiscRecording
0x00000001a0332000 	/usr/lib/libheimdal-asn1.dylib
0x0000000199372000 	/System/Library/Frameworks/OpenDirectory.framework/Versions/A/OpenDirectory
0x0000000199380000 	/System/Library/Frameworks/OpenDirectory.framework/Versions/A/Frameworks/CFOpenDirectory.framework/Versions/A/CFOpenDirectory
0x000000024336a000 	/System/Library/PrivateFrameworks/AppleMobileFileIntegrity.framework/Versions/A/AppleMobileFileIntegrity
0x0000000291c4e000 	/usr/lib/libTLE.dylib
0x00000001bbde9000 	/usr/lib/libmis.dylib
0x00000001f38cb000 	/System/Library/PrivateFrameworks/ConfigProfileHelper.framework/Versions/A/ConfigProfileHelper
0x00000002627b9000 	/System/Library/PrivateFrameworks/MIL.framework/Versions/A/MIL
0x0000000190109000 	/usr/lib/libCRFSuite.dylib
0x000000019c58d000 	/System/Library/PrivateFrameworks/CoreNLP.framework/Versions/A/CoreNLP
0x000000019dc11000 	/usr/lib/libmecab.dylib
0x000000019eb5b000 	/usr/lib/libThaiTokenizer.dylib
0x00000001e21c6000 	/System/Library/PrivateFrameworks/HIDDisplay.framework/Versions/A/HIDDisplay
0x00000001a2f38000 	/System/Library/Frameworks/Kerberos.framework/Versions/A/Kerberos
0x00000001a2ba9000 	/usr/lib/libresolv.9.dylib
0x00000001a05ae000 	/System/Library/PrivateFrameworks/Heimdal.framework/Versions/A/Heimdal
0x00000001abd16000 	/System/Library/Frameworks/Kerberos.framework/Versions/A/Libraries/libHeimdalProxy.dylib
0x00000001a2f9c000 	/System/Library/PrivateFrameworks/CommonAuth.framework/Versions/A/CommonAuth
0x000000019d73c000 	/System/Library/Frameworks/Accelerate.framework/Versions/A/Frameworks/vecLib.framework/Versions/A/libvDSP.dylib
0x000000019ecaa000 	/System/Library/Frameworks/Accelerate.framework/Versions/A/Frameworks/vecLib.framework/Versions/A/libLAPACK.dylib
0x000000019dc73000 	/System/Library/Frameworks/Accelerate.framework/Versions/A/Frameworks/vecLib.framework/Versions/A/libLinearAlgebra.dylib
0x000000019eba1000 	/System/Library/Frameworks/Accelerate.framework/Versions/A/Frameworks/vecLib.framework/Versions/A/libSparseBLAS.dylib
0x000000019eca5000 	/System/Library/Frameworks/Accelerate.framework/Versions/A/Frameworks/vecLib.framework/Versions/A/libQuadrature.dylib
0x000000019c6b4000 	/System/Library/Frameworks/Accelerate.framework/Versions/A/Frameworks/vecLib.framework/Versions/A/libBNNS.dylib
0x000000018ff07000 	/System/Library/Frameworks/Accelerate.framework/Versions/A/Frameworks/vecLib.framework/Versions/A/libSparse.dylib
0x00000001a2f01000 	/System/Library/PrivateFrameworks/NetAuth.framework/Versions/A/NetAuth
0x0000000199596000 	/System/Library/PrivateFrameworks/login.framework/Versions/A/Frameworks/loginsupport.framework/Versions/A/loginsupport
0x000000019dbdb000 	/usr/lib/libCheckFix.dylib
0x000000019871c000 	/System/Library/PrivateFrameworks/MetadataUtilities.framework/Versions/A/MetadataUtilities
0x000000025dcde000 	/System/Library/PrivateFrameworks/InstalledContentLibrary.framework/Versions/A/InstalledContentLibrary
0x0000000192e72000 	/System/Library/PrivateFrameworks/CoreServicesStore.framework/Versions/A/CoreServicesStore
0x00000001993e1000 	/usr/lib/libapp_launch_measurement.dylib
0x00000001cf705000 	/System/Library/PrivateFrameworks/MobileSystemServices.framework/Versions/A/MobileSystemServices
0x000000019ff7a000 	/usr/lib/libxslt.1.dylib
0x000000019db9a000 	/System/Library/PrivateFrameworks/BackgroundTaskManagement.framework/Versions/A/BackgroundTaskManagement
0x00000001ab3a8000 	/usr/lib/libcurl.4.dylib
0x0000000292453000 	/usr/lib/libcrypto.46.dylib
0x0000000292ff2000 	/usr/lib/libssl.48.dylib
0x00000001ab082000 	/System/Library/Frameworks/LDAP.framework/Versions/A/LDAP
0x00000001ab0be000 	/System/Library/PrivateFrameworks/TrustEvaluationAgent.framework/Versions/A/TrustEvaluationAgent
0x00000001a2bc6000 	/usr/lib/libsasl2.2.dylib
0x00000001041e4000 	/Applications/Android Studio.app/Contents/jbr/Contents/Home/lib/libjli.dylib
0x00000001ae325000 	/System/Library/Frameworks/Cocoa.framework/Versions/A/Cocoa
0x000000019300b000 	/System/Library/Frameworks/AppKit.framework/Versions/C/AppKit
0x00000002473be000 	/System/Library/PrivateFrameworks/CollectionViewCore.framework/Versions/A/CollectionViewCore
0x000000019bc4f000 	/System/Library/PrivateFrameworks/XCTTargetBootstrap.framework/Versions/A/XCTTargetBootstrap
0x00000001a1698000 	/System/Library/PrivateFrameworks/UserActivity.framework/Versions/A/UserActivity
0x0000000250e2c000 	/System/Library/PrivateFrameworks/FrontBoard.framework/Versions/A/FrontBoard
0x0000000284f02000 	/System/Library/PrivateFrameworks/UIIntelligenceSupport.framework/Versions/A/UIIntelligenceSupport
0x000000023b753000 	/System/Library/Frameworks/SwiftUICore.framework/Versions/A/SwiftUICore
0x000000028ba97000 	/System/Library/PrivateFrameworks/WritingTools.framework/Versions/A/WritingTools
0x000000028a892000 	/System/Library/PrivateFrameworks/WindowManagement.framework/Versions/A/WindowManagement
0x0000000250b61000 	/System/Library/PrivateFrameworks/FocusEngine.framework/Versions/A/FocusEngine
0x000000024e56d000 	/System/Library/PrivateFrameworks/DesignLibrary.framework/Versions/A/DesignLibrary
0x000000019bc3a000 	/System/Library/PrivateFrameworks/DFRFoundation.framework/Versions/A/DFRFoundation
0x0000000285e4b000 	/System/Library/PrivateFrameworks/UpdateCycle.framework/Versions/A/UpdateCycle
0x000000019b93e000 	/System/Library/Frameworks/Carbon.framework/Versions/A/Frameworks/HIToolbox.framework/Versions/A/HIToolbox
0x00000001a6c63000 	/System/Library/Frameworks/Carbon.framework/Versions/A/Frameworks/SpeechRecognition.framework/Versions/A/SpeechRecognition
0x0000000199368000 	/System/Library/PrivateFrameworks/PerformanceAnalysis.framework/Versions/A/PerformanceAnalysis
0x00000001a6ff3000 	/System/Library/Frameworks/Accessibility.framework/Versions/A/Accessibility
0x000000023c6b0000 	/System/Library/Frameworks/Symbols.framework/Versions/A/Symbols
0x000000025a0c1000 	/System/Library/PrivateFrameworks/Gestures.framework/Versions/A/Gestures
0x000000029341a000 	/usr/lib/swift/libswiftSpatial.dylib
0x00000001b8cfd000 	/usr/lib/swift/libswiftCoreGraphics.dylib
0x00000001a7a37000 	/usr/lib/swift/libswiftFoundation.dylib
0x00000001f326f000 	/usr/lib/swift/libswiftSwiftOnoneSupport.dylib
0x00000002936a0000 	/usr/lib/swift/libswiftsys_time.dylib
0x00000001ddeb0000 	/System/Library/PrivateFrameworks/CoreMaterial.framework/Versions/A/CoreMaterial
0x0000000291c4b000 	/usr/lib/libSpatial.dylib
0x000000029166c000 	/System/Library/SubFrameworks/UIUtilities.framework/Versions/A/UIUtilities
0x0000000196c3d000 	/System/Library/Frameworks/Accounts.framework/Versions/A/Accounts
0x00000001bac2a000 	/System/Library/Frameworks/AVFoundation.framework/Versions/A/AVFoundation
0x00000001a133c000 	/System/Library/PrivateFrameworks/InternationalSupport.framework/Versions/A/InternationalSupport
0x00000001aab4d000 	/System/Library/PrivateFrameworks/CoreWiFi.framework/Versions/A/CoreWiFi
0x00000001a96c2000 	/System/Library/PrivateFrameworks/Rapport.framework/Versions/A/Rapport
0x000000023d641000 	/System/Library/Frameworks/_LocationEssentials.framework/Versions/A/_LocationEssentials
0x00000001ab742000 	/System/Library/Frameworks/ApplicationServices.framework/Versions/A/ApplicationServices
0x00000001a2b61000 	/System/Library/Frameworks/ApplicationServices.framework/Versions/A/Frameworks/ATS.framework/Versions/A/ATS
0x00000001961f6000 	/System/Library/Frameworks/ApplicationServices.framework/Versions/A/Frameworks/HIServices.framework/Versions/A/HIServices
0x00000001a1232000 	/System/Library/Frameworks/ApplicationServices.framework/Versions/A/Frameworks/PrintCore.framework/Versions/A/PrintCore
0x00000001a2f13000 	/System/Library/Frameworks/ApplicationServices.framework/Versions/A/Frameworks/QD.framework/Versions/A/QD
0x00000001a2f0e000 	/System/Library/Frameworks/ApplicationServices.framework/Versions/A/Frameworks/ColorSyncLegacy.framework/Versions/A/ColorSyncLegacy
0x00000001a2b33000 	/System/Library/Frameworks/ApplicationServices.framework/Versions/A/Frameworks/SpeechSynthesis.framework/Versions/A/SpeechSynthesis
0x00000001a039d000 	/System/Library/PrivateFrameworks/IconServices.framework/Versions/A/IconServices
0x00000001a033c000 	/System/Library/PrivateFrameworks/IconFoundation.framework/Versions/A/IconFoundation
0x000000025d297000 	/System/Library/PrivateFrameworks/IconRendering.framework/Versions/A/IconRendering
0x00000001990ac000 	/System/Library/PrivateFrameworks/CoreUI.framework/Versions/A/CoreUI
0x0000000274401000 	/System/Library/PrivateFrameworks/SFSymbols.framework/Versions/A/SFSymbols
0x0000000235f72000 	/System/Library/Frameworks/DeveloperToolsSupport.framework/Versions/A/DeveloperToolsSupport
0x00000001b2fb5000 	/System/Library/PrivateFrameworks/RenderBox.framework/Versions/A/RenderBox
0x000000019bc55000 	/System/Library/PrivateFrameworks/CoreSVG.framework/Versions/A/CoreSVG
0x00000001a12a5000 	/System/Library/PrivateFrameworks/TextureIO.framework/Versions/A/TextureIO
0x00000001bbec6000 	/usr/lib/swift/libswiftCoreImage.dylib
0x00000001a11ed000 	/System/Library/Frameworks/ApplicationServices.framework/Versions/A/Frameworks/ATSUI.framework/Versions/A/ATSUI
0x000000019e736000 	/System/Library/Frameworks/UserNotifications.framework/Versions/A/UserNotifications
0x00000001c1872000 	/System/Library/PrivateFrameworks/SiriInstrumentation.framework/Versions/A/SiriInstrumentation
0x00000002768e2000 	/System/Library/PrivateFrameworks/SiriAnalytics.framework/Versions/A/SiriAnalytics
0x00000001befda000 	/System/Library/PrivateFrameworks/FeedbackLogger.framework/Versions/A/FeedbackLogger
0x00000001d9865000 	/usr/lib/swift/libswiftAVFoundation.dylib
0x00000002855dd000 	/System/Library/PrivateFrameworks/UnifiedAssetFramework.framework/Versions/A/UnifiedAssetFramework
0x00000001a80e5000 	/System/Library/Frameworks/CoreBluetooth.framework/Versions/A/CoreBluetooth
0x000000019d96b000 	/System/Library/PrivateFrameworks/CoreUtils.framework/Versions/A/CoreUtils
0x000000024d9a5000 	/System/Library/PrivateFrameworks/CoreUtilsExtras.framework/Versions/A/CoreUtilsExtras
0x000000025d1ec000 	/System/Library/PrivateFrameworks/IO80211.framework/Versions/A/IO80211
0x00000001a4a5b000 	/System/Library/Frameworks/IOBluetooth.framework/Versions/A/IOBluetooth
0x0000000293377000 	/usr/lib/swift/libswiftRegexBuilder.dylib
0x00000001a00b7000 	/usr/lib/libIOReport.dylib
0x00000001ea23c000 	/System/Library/PrivateFrameworks/WiFiPeerToPeer.framework/Versions/A/WiFiPeerToPeer
0x0000000246047000 	/System/Library/PrivateFrameworks/Centauri.framework/Versions/A/Centauri
0x0000000292aef000 	/usr/lib/libmrc.dylib
0x000000025d257000 	/System/Library/PrivateFrameworks/IPConfiguration.framework/Versions/A/IPConfiguration
0x00000001dde72000 	/System/Library/PrivateFrameworks/Netrb.framework/Versions/A/Netrb
0x00000001a9068000 	/System/Library/PrivateFrameworks/FrontBoardServices.framework/Versions/A/FrontBoardServices
0x00000001abd17000 	/System/Library/Frameworks/AudioUnit.framework/Versions/A/AudioUnit
0x00000001a4e03000 	/System/Library/PrivateFrameworks/GeoServices.framework/Versions/A/GeoServices
0x00000001a2833000 	/System/Library/PrivateFrameworks/LocationSupport.framework/Versions/A/LocationSupport
0x0000000259f13000 	/System/Library/PrivateFrameworks/GeoServicesCore.framework/Versions/A/GeoServicesCore
0x00000001b4bec000 	/System/Library/PrivateFrameworks/PhoneNumbers.framework/Versions/A/PhoneNumbers
0x000000026269b000 	/System/Library/PrivateFrameworks/LocationLogEncryption.framework/Versions/A/LocationLogEncryption
0x00000002345ad000 	/System/Library/Frameworks/AVFAudio.framework/Versions/A/AVFAudio
0x00000002346f1000 	/System/Library/Frameworks/AVRouting.framework/Versions/A/AVRouting
0x00000001b4d04000 	/usr/lib/libAccessibility.dylib
0x0000000261085000 	/System/Library/PrivateFrameworks/IsolatedCoreAudioClient.framework/Versions/A/IsolatedCoreAudioClient
0x00000002497dd000 	/System/Library/PrivateFrameworks/CoreAudioOrchestration.framework/Versions/A/CoreAudioOrchestration
0x00000001a1709000 	/System/Library/Frameworks/MediaToolbox.framework/Versions/A/MediaToolbox
0x00000001a8414000 	/System/Library/PrivateFrameworks/CoreAVCHD.framework/Versions/A/CoreAVCHD
0x00000001a7343000 	/System/Library/Frameworks/MediaAccessibility.framework/Versions/A/MediaAccessibility
0x00000001a8410000 	/System/Library/PrivateFrameworks/Mangrove.framework/Versions/A/Mangrove
0x0000000245683000 	/System/Library/PrivateFrameworks/CMPhoto.framework/Versions/A/CMPhoto
0x00000001a8bdd000 	/System/Library/Frameworks/CoreTelephony.framework/Versions/A/CoreTelephony
0x00000001a8403000 	/System/Library/PrivateFrameworks/CoreAUC.framework/Versions/A/CoreAUC
0x00000002427f4000 	/System/Library/PrivateFrameworks/AppleJPEGXL.framework/Versions/A/AppleJPEGXL
0x00000001a3134000 	/usr/lib/libTelephonyUtilDynamic.dylib
0x00000001e4dce000 	/System/Library/Frameworks/CryptoKit.framework/Versions/A/CryptoKit
0x00000001abd12000 	/System/Library/PrivateFrameworks/CryptoKitCBridging.framework/Versions/A/CryptoKitCBridging
0x00000001a9221000 	/System/Library/Frameworks/CryptoTokenKit.framework/Versions/A/CryptoTokenKit
0x000000024e4fd000 	/System/Library/PrivateFrameworks/Dendrite.framework/Versions/A/Dendrite
0x00000001bb9ea000 	/System/Library/Frameworks/NaturalLanguage.framework/Versions/A/NaturalLanguage
0x0000000259c16000 	/System/Library/PrivateFrameworks/GenerativeModels.framework/Versions/A/GenerativeModels
0x00000001ea1c4000 	/usr/lib/swift/libswiftNaturalLanguage.dylib
0x00000001abea1000 	/System/Library/PrivateFrameworks/Espresso.framework/Versions/A/Espresso
0x0000000199b01000 	/System/Library/Frameworks/CoreML.framework/Versions/A/CoreML
0x00000001e8081000 	/usr/lib/libedit.3.dylib
0x00000002313bc000 	/System/Library/PrivateFrameworks/ANECompiler.framework/Versions/A/ANECompiler
0x00000001adf76000 	/System/Library/PrivateFrameworks/AppleNeuralEngine.framework/Versions/A/AppleNeuralEngine
0x000000023833f000 	/System/Library/Frameworks/MetalPerformanceShadersGraph.framework/Versions/A/MetalPerformanceShadersGraph
0x0000000262f28000 	/System/Library/PrivateFrameworks/MLCompilerServices.framework/Versions/A/MLCompilerServices
0x00000001accf3000 	/System/Library/PrivateFrameworks/ANEServices.framework/Versions/A/ANEServices
0x00000001c10a0000 	/usr/lib/libncurses.5.4.dylib
0x0000000192fae000 	/usr/lib/libsandbox.1.dylib
0x00000001a0258000 	/usr/lib/libMatch.1.dylib
0x000000026c7a8000 	/System/Library/PrivateFrameworks/ODIE.framework/Versions/A/ODIE
0x0000000265bb5000 	/System/Library/PrivateFrameworks/MLModelAsset.framework/Versions/A/MLModelAsset
0x0000000262ece000 	/System/Library/PrivateFrameworks/MLCompilerRuntime.framework/Versions/A/MLCompilerRuntime
0x000000019df33000 	/System/Library/Frameworks/MLCompute.framework/Versions/A/MLCompute
0x0000000262e50000 	/System/Library/PrivateFrameworks/MLAssetIO.framework/Versions/A/MLAssetIO
0x0000000293349000 	/usr/lib/swift/libswiftMLCompute.dylib
0x00000001a8df8000 	/System/Library/PrivateFrameworks/AVFCore.framework/Versions/A/AVFCore
0x00000001b2606000 	/System/Library/PrivateFrameworks/AVFCapture.framework/Versions/A/AVFCapture
0x000000024547a000 	/System/Library/PrivateFrameworks/CMImaging.framework/Versions/A/CMImaging
0x00000001b2848000 	/System/Library/PrivateFrameworks/Quagga.framework/Versions/A/Quagga
0x00000001b2979000 	/System/Library/PrivateFrameworks/CMCapture.framework/Versions/A/CMCapture
0x00000001a2cbe000 	/System/Library/Frameworks/CoreMediaIO.framework/Versions/A/CoreMediaIO
0x00000002453b5000 	/System/Library/PrivateFrameworks/CMCaptureDevice.framework/Versions/A/CMCaptureDevice
0x00000001a0693000 	/System/Library/PrivateFrameworks/CoreBrightness.framework/Versions/A/CoreBrightness
0x000000024653e000 	/System/Library/PrivateFrameworks/CinematicFraming.framework/Versions/A/CinematicFraming
0x0000000268c90000 	/System/Library/PrivateFrameworks/ModelManagerServices.framework/Versions/A/ModelManagerServices
0x00000001d68cf000 	/System/Library/PrivateFrameworks/CPMS.framework/Versions/A/CPMS
0x00000002804dd000 	/System/Library/PrivateFrameworks/SystemStatus.framework/Versions/A/SystemStatus
0x00000001ba828000 	/System/Library/Frameworks/CoreMotion.framework/Versions/A/CoreMotion
0x00000001cadf1000 	/System/Library/PrivateFrameworks/TimeSync.framework/Versions/A/TimeSync
0x000000024eec3000 	/System/Library/PrivateFrameworks/DistributedSensing.framework/Versions/A/DistributedSensing
0x00000001c61e8000 	/System/Library/PrivateFrameworks/MobileBluetooth.framework/Versions/A/MobileBluetooth
0x00000001ccaae000 	/System/Library/PrivateFrameworks/IOKitten.framework/Versions/A/IOKitten
0x000000024266e000 	/System/Library/PrivateFrameworks/AppleIntelligenceReporting.framework/Versions/A/AppleIntelligenceReporting
0x000000019d87a000 	/System/Library/PrivateFrameworks/CoreEmoji.framework/Versions/A/CoreEmoji
0x00000001913e9000 	/System/Library/PrivateFrameworks/LanguageModeling.framework/Versions/A/LanguageModeling
0x000000019635f000 	/System/Library/PrivateFrameworks/Montreal.framework/Versions/A/Montreal
0x000000019e9ea000 	/usr/lib/libcmph.dylib
0x0000000259cf8000 	/System/Library/PrivateFrameworks/GenerativeModelsFoundation.framework/Versions/A/GenerativeModelsFoundation
0x00000002832ba000 	/System/Library/PrivateFrameworks/TokenGeneration.framework/Versions/A/TokenGeneration
0x0000000259acc000 	/System/Library/PrivateFrameworks/GenerativeFunctions.framework/Versions/A/GenerativeFunctions
0x0000000259b1a000 	/System/Library/PrivateFrameworks/GenerativeFunctionsFoundation.framework/Versions/A/GenerativeFunctionsFoundation
0x0000000268956000 	/System/Library/PrivateFrameworks/ModelCatalog.framework/Versions/A/ModelCatalog
0x0000000275afc000 	/System/Library/PrivateFrameworks/SensitiveContentAnalysisML.framework/Versions/A/SensitiveContentAnalysisML
0x0000000259bb0000 	/System/Library/PrivateFrameworks/GenerativeFunctionsInstrumentation.framework/Versions/A/GenerativeFunctionsInstrumentation
0x0000000272974000 	/System/Library/PrivateFrameworks/PromptKit.framework/Versions/A/PromptKit
0x000000027238b000 	/System/Library/PrivateFrameworks/ProactiveDaemonSupport.framework/Versions/A/ProactiveDaemonSupport
0x00000002834f2000 	/System/Library/PrivateFrameworks/TokenGenerationCore.framework/Versions/A/TokenGenerationCore
0x00000001bc8b5000 	/System/Library/PrivateFrameworks/Trial.framework/Versions/A/Trial
0x00000001bc836000 	/System/Library/PrivateFrameworks/TrialProto.framework/Versions/A/TrialProto
0x000000024229a000 	/System/Library/PrivateFrameworks/AppleFlatBuffers.framework/Versions/A/AppleFlatBuffers
0x0000000275dcc000 	/System/Library/PrivateFrameworks/SentencePieceInternal.framework/Versions/A/SentencePieceInternal
0x00000001a739d000 	/System/Library/Frameworks/Vision.framework/Versions/A/Vision
0x000000024d687000 	/System/Library/PrivateFrameworks/CoreSceneUnderstanding.framework/Versions/A/CoreSceneUnderstanding
0x0000000288132000 	/System/Library/PrivateFrameworks/VisionCore.framework/Versions/A/VisionCore
0x00000001a1646000 	/System/Library/PrivateFrameworks/DataDetectorsCore.framework/Versions/A/DataDetectorsCore
0x00000001c5176000 	/System/Library/Frameworks/Vision.framework/libfaceCore.dylib
0x00000001c5c90000 	/System/Library/PrivateFrameworks/Futhark.framework/Versions/A/Futhark
0x00000001c9bce000 	/System/Library/PrivateFrameworks/InertiaCam.framework/Versions/A/InertiaCam
0x00000001c5a1d000 	/System/Library/PrivateFrameworks/TextRecognition.framework/Versions/A/TextRecognition
0x0000000235f5b000 	/System/Library/Frameworks/DataDetection.framework/Versions/A/DataDetection
0x00000001bfc46000 	/System/Library/PrivateFrameworks/TextInput.framework/Versions/A/TextInput
0x00000001a00f5000 	/System/Library/PrivateFrameworks/CVNLP.framework/Versions/A/CVNLP
0x00000001a2ea2000 	/usr/lib/libcups.2.dylib
0x00000001b4bf8000 	/System/Library/PrivateFrameworks/AXCoreUtilities.framework/Versions/A/AXCoreUtilities
0x00000001c4fc1000 	/System/Library/PrivateFrameworks/AttributeGraph.framework/Versions/A/AttributeGraph
0x000000029174f000 	/usr/lib/libAXSafeCategoryBundle.dylib
0x000000023c6ca000 	/System/Library/Frameworks/TabularData.framework/Versions/A/TabularData
0x000000024351a000 	/System/Library/PrivateFrameworks/ArgumentParserInternal.framework/Versions/A/ArgumentParserInternal
0x0000000235a40000 	/System/Library/Frameworks/CoreTransferable.framework/Versions/A/CoreTransferable
0x000000019472e000 	/System/Library/PrivateFrameworks/UIFoundation.framework/Versions/A/UIFoundation
0x000000010be28000 	/Applications/Android Studio.app/Contents/jbr/Contents/Home/lib/server/libjvm.dylib
0x00000001041d0000 	/Applications/Android Studio.app/Contents/jbr/Contents/Home/lib/libjimage.dylib
0x000000010423c000 	/Applications/Android Studio.app/Contents/jbr/Contents/Home/lib/libjava.dylib
0x000000010426c000 	/Applications/Android Studio.app/Contents/jbr/Contents/Home/lib/libzip.dylib
0x000000010433c000 	/Applications/Android Studio.app/Contents/jbr/Contents/Home/lib/libnio.dylib
0x000000010435c000 	/Applications/Android Studio.app/Contents/jbr/Contents/Home/lib/libnet.dylib
0x000000015e440000 	/Applications/Android Studio.app/Contents/jbr/Contents/Home/lib/libattach.dylib
0x000000015e4e0000 	/Applications/Android Studio.app/Contents/jbr/Contents/Home/lib/libawt.dylib
0x000000015e598000 	/Applications/Android Studio.app/Contents/jbr/Contents/Home/lib/libmlib_image.dylib
0x0000000237497000 	/System/Library/Frameworks/JavaRuntimeSupport.framework/Versions/A/JavaRuntimeSupport
0x00000001ba827000 	/System/Library/Frameworks/Carbon.framework/Versions/A/Carbon
0x00000001b0a26000 	/System/Library/Frameworks/Carbon.framework/Versions/A/Frameworks/CommonPanels.framework/Versions/A/CommonPanels
0x00000001ab393000 	/System/Library/Frameworks/Carbon.framework/Versions/A/Frameworks/Help.framework/Versions/A/Help
0x00000001b0a2a000 	/System/Library/Frameworks/Carbon.framework/Versions/A/Frameworks/ImageCapture.framework/Versions/A/ImageCapture
0x00000001b0a05000 	/System/Library/Frameworks/Carbon.framework/Versions/A/Frameworks/OpenScripting.framework/Versions/A/OpenScripting
0x00000001b0a25000 	/System/Library/Frameworks/Carbon.framework/Versions/A/Frameworks/Ink.framework/Versions/A/Ink
0x00000001b0a22000 	/System/Library/Frameworks/Carbon.framework/Versions/A/Frameworks/SecurityHI.framework/Versions/A/SecurityHI
0x0000000291abf000 	/usr/lib/libInterpreterSecurity.dylib
0x00000001d1481000 	/System/Library/PrivateFrameworks/XprotectFramework.framework/Versions/A/XprotectFramework
0x00000001b4009000 	/System/Library/PrivateFrameworks/yara.framework/Versions/A/yara
0x0000000291a3c000 	/usr/lib/libEndpointSecuritySystem.dylib
0x000000015e794000 	/Applications/Android Studio.app/Contents/jbr/Contents/Home/lib/libawt_lwawt.dylib
0x000000015e488000 	/Applications/Android Studio.app/Contents/jbr/Contents/Home/lib/libosxapp.dylib
0x00000001b8d66000 	/System/Library/Frameworks/ExceptionHandling.framework/Versions/A/ExceptionHandling
0x000000015e924000 	/Applications/Android Studio.app/Contents/jbr/Contents/Home/lib/libfontmanager.dylib
0x000000015e6a4000 	/Applications/Android Studio.app/Contents/jbr/Contents/Home/lib/libfreetype.dylib

JVMTI agents: none


VM Arguments:
jvm_args: abort vfprintf -XX:ErrorFile=/Users/dongdong/java_error_in_studio_%p.log -XX:HeapDumpPath=/Users/dongdong/java_error_in_studio.hprof -Xms256m -Xmx2048m -XX:JbrShrinkingGcMaxHeapFreeRatio=40 -XX:ReservedCodeCacheSize=512m -XX:+HeapDumpOnOutOfMemoryError -XX:-OmitStackTraceInFastThrow -XX:CICompilerCount=2 -XX:+IgnoreUnrecognizedVMOptions -XX:+UnlockDiagnosticVMOptions -XX:TieredOldPercentage=100000 -ea -Dsun.io.useCanonCaches=false -Dsun.java2d.metal=true -Djbr.catch.SIGABRT=true -Djdk.http.auth.tunneling.disabledSchemes="" -Djdk.attach.allowAttachSelf=true -Djdk.module.illegalAccess.silent=true -Djdk.nio.maxCachedBufferSize=2097152 -Djava.util.zip.use.nio.for.zip.file.access=true -Dkotlinx.coroutines.debug=off -Dskiko.rendering.useScreenMenuBar=false -Djava.nio.file.spi.DefaultFileSystemProvider=com.intellij.platform.core.nio.fs.MultiRoutingFileSystemProvider -Dapple.awt.application.appearance=system -Dflags.configuration.level=COMPLETE -Dflags.debug.enabled=false -Xmx4096m -Djb.vmOptionsFile=/Users/dongdong/Library/Application Support/Google/AndroidStudio2026.1.1/studio.vmoptions -Xbootclasspath/a:/Applications/Android Studio.app/Contents/lib/nio-fs.jar -Djava.system.class.loader=com.intellij.util.lang.PathClassLoader -Didea.vendor.name=Google -Didea.paths.selector=AndroidStudio2026.1.1 -Djna.boot.library.path=/Applications/Android Studio.app/Contents/lib/jna/aarch64 -Djna.nosys=true -Djna.noclasspath=true -Dpty4j.preferred.native.folder=/Applications/Android Studio.app/Contents/lib/pty4j -Dio.netty.allocator.type=pooled -Dskiko.library.path=/Applications/Android Studio.app/Contents/lib/skiko-awt-runtime-all -Dintellij.platform.runtime.repository.path=/Applications/Android Studio.app/Contents/modules/module-descriptors.dat -Didea.platform.prefix=AndroidStudio -XX:FlightRecorderOptions=stackdepth=256 --add-opens=java.base/sun.net.www.protocol.https=ALL-UNNAMED -Djava.security.manager=allow -XX:CompileCommand=exclude,org.jetbrains.kotlin.serialization.deserialization.TypeDeserializer::simpleType -XX:CompileCommand=exclude,org.jetbrains.kotlin.serialization.deserialization.TypeDeserializer::toAttributes -Dsplash=true -Daether.connector.resumeDownloads=false -Dcompose.swing.render.on.graphics=true --enable-native-access=ALL-UNNAMED --add-opens=java.base/java.io=ALL-UNNAMED --add-opens=java.base/java.lang=ALL-UNNAMED --add-opens=java.base/java.lang.ref=ALL-UNNAMED --add-opens=java.base/java.lang.reflect=ALL-UNNAMED --add-opens=java.base/java.net=ALL-UNNAMED --add-opens=java.base/java.nio=ALL-UNNAMED --add-opens=java.base/java.nio.charset=ALL-UNNAMED --add-opens=java.base/java.text=ALL-UNNAMED --add-opens=java.base/java.time=ALL-UNNAMED --add-opens=java.base/java.util=ALL-UNNAMED --add-opens=java.base/java.util.concurrent=ALL-UNNAMED --add-opens=java.base/java.util.concurrent.atomic=ALL-UNNAMED --add-opens=java.base/java.util.concurrent.locks=ALL-UNNAMED --add-opens=java.base/jdk.internal.ref=ALL-UNNAMED --add-opens=java.base/jdk.internal.vm=ALL-UNNAMED --add-opens=java.base/sun.net.dns=ALL-UNNAMED --add-opens=java.base/sun.nio=ALL-UNNAMED --add-opens=java.base/sun.nio.ch=ALL-UNNAMED --add-opens=java.base/sun.nio.fs=ALL-UNNAMED --add-opens=java.base/sun.security.ssl=ALL-UNNAMED --add-opens=java.base/sun.security.util=ALL-UNNAMED --add-opens=java.desktop/com.apple.eawt=ALL-UNNAMED --add-opens=java.desktop/com.apple.eawt.event=ALL-UNNAMED --add-opens=java.desktop/com.apple.laf=ALL-UNNAMED --add-opens=java.desktop/com.sun.java.swing=ALL-UNNAMED --add-opens=java.desktop/java.awt=ALL-UNNAMED --add-opens=java.desktop/java.awt.dnd.peer=ALL-UNNAMED --add-opens=java.desktop/java.awt.event=ALL-UNNAMED --add-opens=java.desktop/java.awt.font=ALL-UNNAMED --add-opens=java.desktop/java.awt.image=ALL-UNNAMED --add-opens=java.desktop/java.awt.peer=ALL-UNNAMED --add-opens=java.desktop/javax.swing=ALL-UNNAMED --add-opens=java.desktop/javax.swing.plaf.basic=ALL-UNNAMED --add-opens=java.desktop/javax.swing.text=ALL-UNNAMED --add-opens=java.desktop/javax.swing.text.html=ALL-UNNAMED --add-opens=java.desktop/javax.swing.text.html.parser=ALL-UNNAMED --add-opens=java.desktop/sun.awt=ALL-UNNAMED --add-opens=java.desktop/sun.awt.datatransfer=ALL-UNNAMED --add-opens=java.desktop/sun.awt.image=ALL-UNNAMED --add-opens=java.desktop/sun.font=ALL-UNNAMED --add-opens=java.desktop/sun.java2d=ALL-UNNAMED --add-opens=java.desktop/sun.lwawt=ALL-UNNAMED --add-opens=java.desktop/sun.lwawt.macosx=ALL-UNNAMED --add-opens=java.desktop/sun.swing=ALL-UNNAMED --add-opens=java.management/sun.management=ALL-UNNAMED --add-opens=jdk.attach/sun.tools.attach=ALL-UNNAMED --add-opens=jdk.compiler/com.sun.tools.javac.api=ALL-UNNAMED --add-opens=jdk.internal.jvmstat/sun.jvmstat.monitor=ALL-UNNAMED --add-opens=jdk.jdi/com.sun.tools.jdi=ALL-UNNAMED -Dide.native.launcher=true 
java_command: com.android.tools.idea.MainWrapper help
java_class_path (initial): /Applications/Android Studio.app/Contents/lib/platform-loader.jar:/Applications/Android Studio.app/Contents/lib/util-8.jar:/Applications/Android Studio.app/Contents/lib/app.jar:/Applications/Android Studio.app/Contents/lib/util.jar:/Applications/Android Studio.app/Contents/lib/app-backend.jar:/Applications/Android Studio.app/Contents/lib/annotations.jar:/Applications/Android Studio.app/Contents/lib/eclipse.lsp4j.debug.jar:/Applications/Android Studio.app/Contents/lib/eclipse.lsp4j.jar:/Applications/Android Studio.app/Contents/lib/eclipse.lsp4j.jsonrpc.debug.jar:/Applications/Android Studio.app/Contents/lib/eclipse.lsp4j.jsonrpc.jar:/Applications/Android Studio.app/Contents/lib/external-system-rt.jar:/Applications/Android Studio.app/Contents/lib/externalProcess-rt.jar:/Applications/Android Studio.app/Contents/lib/fleet.andel.jar:/Applications/Android Studio.app/Contents/lib/fleet.bifurcan.jar:/Applications/Android Studio.app/Contents/lib/fleet.fastutil.jar:/Applications/Android Studio.app/Contents/lib/fleet.kernel.jar:/Applications/Android Studio.app/Contents/lib/fleet.multiplatform.shims.jar:/Applications/Android Studio.app/Contents/lib/fleet.reporting.api.jar:/Applications/Android Studio.app/Contents/lib/fleet.reporting.shared.jar:/Applications/Android Studio.app/Contents/lib/fleet.rhizomedb.jar:/Applications/Android Studio.app/Contents/lib/fleet.rhizomedb.transactor.jar:/Applications/Android Studio.app/Contents/lib/fleet.rhizomedb.transactor.rebase.jar:/Applications/Android Studio.app/Contents/lib/fleet.rpc.jar:/Applications/Android Studio.app/Contents/lib/fleet.rpc.server.jar:/Applications/Android Studio.app/Contents/lib/fleet.util.codepoints.jar:/Applications/Android Studio.app/Contents/lib/fleet.util.core.jar:/Applications/Android Studio.app/Contents/lib/fleet.util.logging.api.jar:/Applications/Android Studio.app/Contents/lib/fleet.util.serialization.jar:/Applications/Android Studio.app/Contents/lib/forms_rt.jar:/Applications/Android Studio.app/Contents/lib/groovy.jar:/Applications/Android Studio.app/Contents/lib/idea_rt.jar:/Applications/Android Studio.app/Contents/lib/intellij-test-discovery.jar:/Applications/Android Studio.app/Contents/lib/intellij.libraries.aalto.xml.jar:/Applications/Android Studio.app/Contents/lib/intellij.libraries.asm.jar:/Applications/Android Studio.app/Contents/lib/intellij.libraries.asm.tools.jar:/Applications/Android Studio.app/Contents/lib/intellij.libraries.automaton.jar:/Applications/Android Studio.app/Contents/lib/intellij.libraries.batik.jar:/Applications/Android Studio.app/Contents/lib/intellij.libraries.blockmap.jar:/Applications/Android Studio.app/Contents/lib/intellij.libraries.bouncy.castle.pgp.jar:/Applications/Android Studio.app/Contents/lib/intellij.libraries.bouncy.castle.provider.jar:/Applications/Android Studio.app/Contents/lib/intellij.libraries.caffeine.jar:/Applications/Android Studio.app/Contents/lib/intellij.libraries.cglib.jar:/Applications/Android Studio.app/Contents/lib/intellij.libraries.classgraph.jar:/Applications/Android Studio.app/Contents/lib/intellij.libraries.cli.parser.jar:/Applications/Android Studio.app/Contents/lib/intellij.libraries.commons.cli.jar:/Applications/Android Studio.app/Contents/lib/intellij.libraries.commons.codec.jar:/Applications/Android Studio.app/Contents/lib/intellij.libraries.commons.compress.jar:/Applications/Android Studio.app/Contents/lib/intellij.libraries.commons.imaging.jar:/Applications/Android Studio.app/Contents/lib/intellij.libraries.commons.io.jar:/Applications/Android Studio.app/Contents/lib/intellij.libraries.commons.lang3.jar:/Applications/Android Studio.app/Contents/lib/intellij.libraries.commons.logging.jar:/Applications/Android Studio.app/Contents/lib/intellij.libraries.fastutil.jar:/Applications/Android Studio.app/Contents/lib/intellij.libraries.gson.jar:/Applications/Android Studio.app/Contents/lib/intellij.libraries.guava.jar:/Applications/Android Studio.app/Contents/lib/intellij.libraries.hash4j.jar:/Applications/Android Studio.app/Contents/lib/intellij.libraries.hdr.histogram.jar:/Applications/Android Studio.app/Contents/lib/intellij.libraries.http.client.jar:/Applications/Android Studio.app/Contents/lib/intellij.libraries.icu4j.jar:/Applications/Android Studio.app/Contents/lib/intellij.libraries.imgscalr.jar:/Applications/Android Studio.app/Contents/lib/intellij.libraries.ini4j.jar:/Applications/Android Studio.app/Contents/lib/intellij.libraries.ion.jar:/Applications/Android Studio.app/Contents/lib/intellij.libraries.jackson.databind.jar:/Applications/Android Studio.app/Contents/lib/intellij.libraries.jackson.dataformat.yaml.jar:/Applications/Android Studio.app/Contents/lib/intellij.libraries.jackson.jar:/Applications/Android Studio.app/Contents/lib/intellij.libraries.jackson.jr.objects.jar:/Applications/Android Studio.app/Contents/lib/intellij.libraries.jackson.module.kotlin.jar:/Applications/Android Studio.app/Contents/lib/intellij.libraries.java.websocket.jar:/Applications/Android Studio.app/Contents/lib/intellij.libraries.javax.annotation.jar:/Applications/Android Studio.app/Contents/lib/intellij.libraries.jaxen.jar:/Applications/Android Studio.app/Contents/lib/intellij.libraries.jbr.jar:/Applications/Android Studio.app/Contents/lib/intellij.libraries.jcef.jar:/Applications/Android Studio.app/Contents/lib/intellij.libraries.jcip.jar:/Applications/Android Studio.app/Contents/lib/intellij.libraries.jediterm.core.jar:/Applications/Android Studio.app/Contents/lib/intellij.libraries.jediterm.ui.jar:/Applications/Android Studio.app/Contents/lib/intellij.libraries.jettison.jar:/Applications/Android Studio.app/Contents/lib/intellij.libraries.jgoodies.common.jar:/Applications/Android Studio.app/Contents/lib/intellij.libraries.jgoodies.forms.jar:/Applications/Android Studio.app/Contents/lib/intellij.libraries.jsonpath.jar:/Applications/Android Studio.app/Contents/lib/intellij.libraries.jsoup.jar:/Applications/Android Studio.app/Contents/lib/intellij.libraries.jsvg.jar:/Applications/Android Studio.app/Contents/lib/intellij.libraries.jvm.native.trusted.roots.jar:/Applications/Android Studio.app/Contents/lib/intellij.libraries.jzlib.jar:/Applications/Android Studio.app/Contents/lib/intellij.libraries.kotlin.reflect.jar:/Applications/Android Studio.app/Contents/lib/intellij.libraries.kotlinx.collections.immutable.jar:/Applications/Android Studio.app/Contents/lib/intellij.libraries.kotlinx.coroutines.core.jar:/Applications/Android Studio.app/Contents/lib/intellij.libraries.kotlinx.coroutines.debug.jar:/Applications/Android Studio.app/Contents/lib/intellij.libraries.kotlinx.coroutines.slf4j.jar:/Applications/Android Studio.app/Contents/lib/intellij.libraries.kotlinx.datetime.jar:/Applications/Android Studio.app/Contents/lib/intellij.libraries.kotlinx.html.jar:/Applications/Android Studio.app/Contents/lib/intellij.libraries.kotlinx.io.jar:/Applications/Android Studio.app/Contents/lib/intellij.libraries.kotlinx.serialization.cbor.jar:/Applications/Android Studio.app/Contents/lib/intellij.libraries.kotlinx.serialization.core.jar:/Applications/Android Studio.app/Contents/lib/intellij.libraries.kotlinx.serialization.json.jar:/Applications/Android Studio.app/Contents/lib/intellij.libraries.kotlinx.serialization.protobuf.jar:/Applications/Android Studio.app/Contents/lib/intellij.libraries.kryo5.jar:/Applications/Android Studio.app/Contents/lib/intellij.libraries.ktor.client.cio.jar:/Applications/Android Studio.app/Contents/lib/intellij.libraries.ktor.client.jar:/Applications/Android Studio.app/Contents/lib/intellij.libraries.ktor.io.jar:/Applications/Android Studio.app/Contents/lib/intellij.libraries.ktor.network.tls.jar:/Applications/Android Studio.app/Contents/lib/intellij.libraries.ktor.server.cio.jar:/Applications/Android Studio.app/Contents/lib/intellij.libraries.ktor.utils.jar:/Applications/Android Studio.app/Contents/lib/intellij.libraries.lz4.jar:/Applications/Android Studio.app/Contents/lib/intellij.libraries.markdown.jar:/Applications/Android Studio.app/Contents/lib/intellij.libraries.miglayout.swing.jar:/Applications/Android Studio.app/Contents/lib/intellij.libraries.mvstore.jar:/Applications/Android Studio.app/Contents/lib/intellij.libraries.netty.buffer.jar:/Applications/Android Studio.app/Contents/lib/intellij.libraries.netty.codec.compression.jar:/Applications/Android Studio.app/Contents/lib/intellij.libraries.netty.codec.http.jar:/Applications/Android Studio.app/Contents/lib/intellij.libraries.netty.handler.proxy.jar:/Applications/Android Studio.app/Contents/lib/intellij.libraries.opentelemetry.exporter.sender.jdk.jar:/Applications/Android Studio.app/Contents/lib/intellij.libraries.opentelemetry.sdk.autoconfigure.spi.jar:/Applications/Android Studio.app/Contents/lib/intellij.libraries.oro.matcher.jar:/Applications/Android Studio.app/Contents/lib/intellij.libraries.protobuf.jar:/Applications/Android Studio.app/Contents/lib/intellij.libraries.proxy.vole.jar:/Applications/Android Studio.app/Contents/lib/intellij.libraries.pty4j.jar:/Applications/Android Studio.app/Contents/lib/intellij.libraries.rd.core.jar:/Applications/Android Studio.app/Contents/lib/intellij.libraries.rd.framework.jar:/Applications/Android Studio.app/Contents/lib/intellij.libraries.rd.swing.jar:/Applications/Android Studio.app/Contents/lib/intellij.libraries.rd.text.jar:/Applications/Android Studio.app/Contents/lib/intellij.libraries.rhino.jar:/Applications/Android Studio.app/Contents/lib/intellij.libraries.snakeyaml.engine.jar:/Applications/Android Studio.app/Contents/lib/intellij.libraries.snakeyaml.jar:/Applications/Android Studio.app/Contents/lib/intellij.libraries.sshj.jar:/Applications/Android Studio.app/Contents/lib/intellij.libraries.stream.jar:/Applications/Android Studio.app/Contents/lib/intellij.libraries.swingx.jar:/Applications/Android Studio.app/Contents/lib/intellij.libraries.velocity.jar:/Applications/Android Studio.app/Contents/lib/intellij.libraries.winp.jar:/Applications/Android Studio.app/Contents/lib/intellij.libraries.xerces.jar:/Applications/Android Studio.app/Contents/lib/intellij.libraries.xstream.jar:/Applications/Android Studio.app/Contents/lib/intellij.libraries.xtext.xbase.jar:/Applications/Android Studio.app/Contents/lib/intellij.libraries.xz.jar:/Applications/Android Studio.app/Contents/lib/intellij.platform.analysis.impl.jar:/Applications/Android Studio.app/Contents/lib/intellij.platform.analysis.jar:/Applications/Android Studio.app/Contents/lib/intellij.platform.builtInServer.impl.jar:/Applications/Android Studio.app/Contents/lib/intellij.platform.builtInServer.jar:/Applications/Android Studio.app/Contents/lib/intellij.platform.core.impl.jar:/Applications/Android Studio.app/Contents/lib/intellij.platform.core.jar:/Applications/Android Studio.app/Contents/lib/intellij.platform.core.ui.jar:/Applications/Android Studio.app/Contents/lib/intellij.platform.credentialStore.impl.jar:/Applications/Android Studio.app/Contents/lib/intellij.platform.credentialStore.ui.jar:/Applications/Android Studio.app/Contents/lib/intellij.platform.debugger.impl.jar:/Applications/Android Studio.app/Contents/lib/intellij.platform.debugger.impl.rpc.jar:/Applications/Android Studio.app/Contents/lib/intellij.platform.debugger.impl.shared.jar:/Applications/Android Studio.app/Contents/lib/intellij.platform.debugger.impl.ui.jar:/Applications/Android Studio.app/Contents/lib/intellij.platform.debugger.jar:/Applications/Android Studio.app/Contents/lib/intellij.platform.diff.impl.jar:/Applications/Android Studio.app/Contents/lib/intellij.platform.diff.jar:/Applications/Android Studio.app/Contents/lib/intellij.platform.duplicates.analysis.jar:/Applications/Android Studio.app/Contents/lib/intellij.platform.eel.impl.jar:/Applications/Android Studio.app/Contents/lib/intellij.platform.externalProcessAuthHelper.jar:/Applications/Android Studio.app/Contents/lib/intellij.platform.externalSystem.dependencyUpdater.jar:/Applications/Android Studio.app/Contents/lib/intellij.platform.externalSystem.impl.jar:/Applications/Android Studio.app/Contents/lib/intellij.platform.externalSystem.jar:/Applications/Android Studio.app/Contents/lib/intellij.platform.find.jar:/Applications/Android Studio.app/Contents/lib/intellij.platform.ide.concurrency.jar:/Applications/Android Studio.app/Contents/lib/intellij.platform.ide.core.jar:/Applications/Android Studio.app/Contents/lib/intellij.platform.ide.impl.jar:/Applications/Android Studio.app/Contents/lib/intellij.platform.ide.jar:/Applications/Android Studio.app/Contents/lib/intellij.platform.kernel.jar:/Applications/Android Studio.app/Contents/lib/intellij.platform.lang.core.jar:/Applications/Android Studio.app/Contents/lib/intellij.platform.lang.impl.jar:/Applications/Android Studio.app/Contents/lib/intellij.platform.lang.jar:/Applications/Android Studio.app/Contents/lib/intellij.platform.locking.impl.jar:/Applications/Android Studio.app/Contents/lib/intellij.platform.managed.cache.jar:/Applications/Android Studio.app/Contents/lib/intellij.platform.polySymbols.backend.jar:/Applications/Android Studio.app/Contents/lib/intellij.platform.polySymbols.jar:/Applications/Android Studio.app/Contents/lib/intellij.platform.projectFrame.jar:/Applications/Android Studio.app/Contents/lib/intellij.platform.projectModel.impl.jar:/Applications/Android Studio.app/Contents/lib/intellij.platform.projectModel.jar:/Applications/Android Studio.app/Contents/lib/intellij.platform.rpc.jar:/Applications/Android Studio.app/Contents/lib/intellij.platform.rpc.topics.jar:/Applications/Android Studio.app/Contents/lib/intellij.platform.scopes.jar:/Applications/Android Studio.app/Contents/lib/intellij.platform.smRunner.jar:/Applications/Android Studio.app/Contents/lib/intellij.platform.util.ex.jar:/Applications/Android Studio.app/Contents/lib/intellij.platform.util.ui.jar:/Applications/Android Studio.app/Contents/lib/intellij.platform.vcs.core.jar:/Applications/Android Studio.app/Contents/lib/intellij.platform.vcs.jar:/Applications/Android Studio.app/Contents/lib/intellij.platform.vcs.shared.jar:/Applications/Android Studio.app/Contents/lib/intellij.platform.welcomeScreen.impl.jar:/Applications/Android Studio.app/Contents/lib/intellij.platform.welcomeScreen.jar:/Applications/Android Studio.app/Contents/lib/intellij.regexp.jar:/Applications/Android Studio.app/Contents/lib/intellij.xml.analysis.impl.jar:/Applications/Android Studio.app/Contents/lib/intellij.xml.analysis.jar:/Applications/Android Studio.app/Contents/lib/intellij.xml.dom.impl.jar:/Applications/Android Studio.app/Contents/lib/intellij.xml.dom.jar:/Applications/Android Studio.app/Contents/lib/intellij.xml.impl.jar:/Applications/Android Studio.app/Contents/lib/intellij.xml.parser.jar:/Applications/Android Studio.app/Contents/lib/intellij.xml.psi.impl.jar:/Applications/Android Studio.app/Contents/lib/intellij.xml.psi.jar:/Applications/Android Studio.app/Contents/lib/intellij.xml.structureView.impl.jar:/Applications/Android Studio.app/Contents/lib/intellij.xml.structureView.jar:/Applications/Android Studio.app/Contents/lib/intellij.xml.syntax.jar:/Applications/Android Studio.app/Contents/lib/intellij.xml.ui.common.jar:/Applications/Android Studio.app/Contents/lib/javax.activation.jar:/Applications/Android Studio.app/Contents/lib/javax.annotation-api.jar:/Applications/Android Studio.app/Contents/lib/jaxb-api.jar:/Applications/Android Studio.app/Contents/lib/jaxb-runtime.jar:/Applications/Android Studio.app/Contents/lib/jps-model.jar:/Applications/Android Studio.app/Contents/lib/junit4.jar:/Applications/Android Studio.app/Contents/lib/kotlinx-coroutines-guava.jar:/Applications/Android Studio.app/Contents/lib/lib.jar:/Applications/Android Studio.app/Contents/lib/opentelemetry.jar:/Applications/Android Studio.app/Contents/lib/rd-gen.jar:/Applications/Android Studio.app/Contents/lib/resources.jar:/Applications/Android Studio.app/Contents/lib/stats.jar:/Applications/Android Studio.app/Contents/lib/trove.jar:/Applications/Android Studio.app/Contents/lib/util_rt.jar
Launcher Type: generic

[Global flags]
     intx CICompilerCount                          = 2                                         {product} {command line}
ccstrlist CompileCommand                           = exclude,org.jetbrains.kotlin.serialization.deserialization.TypeDeserializer::simpleType
          CompileCommand                          += exclude,org.jetbrains.kotlin.serialization.deserialization.TypeDeserializer::toAttributes            {product} {command line}
     uint ConcGCThreads                            = 2                                         {product} {ergonomic}
    ccstr ErrorFile                                = /Users/dongdong/java_error_in_studio_%p.log            {product} {command line}
    ccstr FlightRecorderOptions                    = stackdepth=256                            {product} {command line}
     uint G1ConcRefinementThreads                  = 9                                         {product} {ergonomic}
   size_t G1HeapRegionSize                         = 2097152                                   {product} {ergonomic}
    uintx GCDrainStackTargetSize                   = 64                                        {product} {ergonomic}
     bool HeapDumpOnOutOfMemoryError               = true                                   {manageable} {command line}
    ccstr HeapDumpPath                             = /Users/dongdong/java_error_in_studio.hprof         {manageable} {command line}
     bool IgnoreUnrecognizedVMOptions              = true                                      {product} {command line}
   size_t InitialHeapSize                          = 268435456                                 {product} {command line}
    uintx JbrShrinkingGcMaxHeapFreeRatio           = 40                                     {manageable} {command line}
   size_t MarkStackSize                            = 4194304                                   {product} {ergonomic}
   size_t MaxHeapSize                              = 4294967296                                {product} {command line}
   size_t MaxNewSize                               = 2575302656                                {product} {ergonomic}
   size_t MinHeapDeltaBytes                        = 2097152                                   {product} {ergonomic}
   size_t MinHeapSize                              = 268435456                                 {product} {command line}
    uintx NonNMethodCodeHeapSize                   = 5826252                                {pd product} {ergonomic}
    uintx NonProfiledCodeHeapSize                  = 265522330                              {pd product} {ergonomic}
     bool OmitStackTraceInFastThrow                = false                                     {product} {command line}
    uintx ProfiledCodeHeapSize                     = 265522330                              {pd product} {ergonomic}
    uintx ReservedCodeCacheSize                    = 536870912                              {pd product} {command line}
     bool SegmentedCodeCache                       = true                                      {product} {ergonomic}
   size_t SoftMaxHeapSize                          = 4294967296                             {manageable} {ergonomic}
     intx TieredOldPercentage                      = 100000                                 {diagnostic} {command line}
     bool UnlockDiagnosticVMOptions                = true                                   {diagnostic} {command line}
     bool UseCompressedOops                        = true                           {product lp64_product} {ergonomic}
     bool UseG1GC                                  = true                                      {product} {ergonomic}
     bool UseNUMA                                  = false                                     {product} {ergonomic}
     bool UseNUMAInterleaving                      = false                                     {product} {ergonomic}

Logging:
Log output configuration:
 #0: stdout all=warning uptime,level,tags foldmultilines=false (reconfigured)
 #1: stderr all=off uptime,level,tags foldmultilines=false

Release file:
JAVA_VERSION="21.0.10"
MODULES="java.base java.compiler java.datatransfer java.xml java.prefs java.desktop java.instrument java.logging java.management java.security.sasl java.naming java.rmi java.management.rmi java.net.http java.scripting java.security.jgss java.transaction.xa java.sql java.sql.rowset java.xml.crypto java.se java.smartcardio jdk.accessibility jdk.internal.jvmstat jdk.attach jdk.charsets jdk.internal.opt jdk.zipfs jdk.compiler jdk.crypto.ec jdk.crypto.cryptoki jdk.dynalink jdk.hotspot.agent jdk.httpserver jdk.internal.ed jdk.internal.le jdk.internal.vm.ci jdk.jartool jdk.javadoc jdk.jcmd jdk.jdeps jdk.jdwp.agent jdk.jdi jdk.jfr jdk.jlink jdk.jsobject jdk.localedata jdk.management jdk.management.agent jdk.management.jfr jdk.naming.dns jdk.naming.rmi jdk.net jdk.sctp jdk.security.auth jdk.security.jgss jdk.unsupported jdk.unsupported.desktop jdk.xml.dom"
IMPLEMENTOR="JetBrains s.r.o."
JAVA_RUNTIME_VERSION="21.0.10+-117844308-b1163.108"
LIBC="default"
OS_ARCH="aarch64"
OS_NAME="Darwin"
SOURCE=".:git:1351622c2ff2"

Environment Variables:
PATH=/Users/dongdong/.codex/packages/standalone/releases/0.142.5-aarch64-apple-darwin/codex-path:/Users/dongdong/.codex/packages/standalone/releases/0.142.5-aarch64-apple-darwin/codex-path:/Users/dongdong/.codex/tmp/arg0/codex-arg051mq7e:/Users/dongdong/.antigravity-ide/antigravity-ide/bin:/Users/dongdong/.antigravity-ide/antigravity-ide/bin:/Users/dongdong/.local/bin:/Users/dongdong/.antigravity/antigravity/bin:/Users/dongdong/Library/Android/sdk/build-tools/36.1.0:/Users/dongdong/Library/Android/sdk/platform-tools:/Users/dongdong/Library/Android/sdk/tools:/opt/local/bin:/opt/local/sbin:/usr/local/bin:/System/Cryptexes/App/usr/bin:/usr/bin:/bin:/usr/sbin:/sbin:/var/run/com.apple.security.cryptexd/codex.system/bootstrap/usr/local/bin:/var/run/com.apple.security.cryptexd/codex.system/bootstrap/usr/bin:/var/run/com.apple.security.cryptexd/codex.system/bootstrap/usr/appleinternal/bin:/pkg/env/global/bin:/Library/Apple/usr/bin:/opt/homebrew/bin
SHELL=/bin/zsh
LANG=C.UTF-8
LC_ALL=C.UTF-8
LC_CTYPE=UTF-8
TERM=xterm-256color
TMPDIR=/var/folders/8g/mnbv3pwj5xv9k54lmn4mxtyw0000gn/T/

Active Locale:
LC_ALL=C.UTF-8
LC_COLLATE=C.UTF-8
LC_CTYPE=C.UTF-8
LC_MESSAGES=C.UTF-8
LC_MONETARY=C.UTF-8
LC_NUMERIC=C.UTF-8
LC_TIME=C.UTF-8

Signal Handlers:
   SIGSEGV: crash_handler in libjvm.dylib, mask=11100110000111110111111111111111, flags=SA_ONSTACK|SA_RESTART|SA_SIGINFO, unblocked
    SIGBUS: crash_handler in libjvm.dylib, mask=11100110000111110111111111111111, flags=SA_RESTART|SA_SIGINFO, unblocked
    SIGFPE: crash_handler in libjvm.dylib, mask=11100110000111110111111111111111, flags=SA_RESTART|SA_SIGINFO, unblocked
   SIGPIPE: javaSignalHandler in libjvm.dylib, mask=11100110000111110111111111111111, flags=SA_RESTART|SA_SIGINFO, blocked
   SIGXFSZ: javaSignalHandler in libjvm.dylib, mask=11100110000111110111111111111111, flags=SA_RESTART|SA_SIGINFO, blocked
    SIGILL: crash_handler in libjvm.dylib, mask=11100110000111110111111111111111, flags=SA_RESTART|SA_SIGINFO, unblocked
   SIGUSR2: SR_handler in libjvm.dylib, mask=00000000000000000000000000000000, flags=SA_RESTART|SA_SIGINFO, blocked
    SIGHUP: UserHandler in libjvm.dylib, mask=11100110000111110111111111111111, flags=SA_RESTART|SA_SIGINFO, blocked
    SIGINT: UserHandler in libjvm.dylib, mask=11100110000111110111111111111111, flags=SA_RESTART|SA_SIGINFO, blocked
   SIGTERM: UserHandler in libjvm.dylib, mask=11100110000111110111111111111111, flags=SA_RESTART|SA_SIGINFO, blocked
   SIGQUIT: UserHandler in libjvm.dylib, mask=11100110000111110111111111111111, flags=SA_RESTART|SA_SIGINFO, blocked
   SIGTRAP: crash_handler in libjvm.dylib, mask=11100110000111110111111111111111, flags=SA_RESTART|SA_SIGINFO, unblocked


Periodic native trim disabled

JNI global refs:
JNI global refs: 25, weak refs: 0

JNI global refs memory usage: 835, weak refs: 833

Process memory usage:
Resident Set Size: 172032K (0% of 25165824K total physical memory with 85600K free physical memory)

OOME stack traces (most recent first):
Classloader memory used:
Loader bootstrap                                                                       : 13706K
Loader com.intellij.util.lang.PathClassLoader                                          : 9710K
Loader jdk.internal.loader.ClassLoaders$AppClassLoader                                 : 510K
Loader jdk.internal.loader.ClassLoaders$PlatformClassLoader                            : 2712B

---------------  S Y S T E M  ---------------

OS:
uname: Darwin 25.5.0 Darwin Kernel Version 25.5.0: Mon Apr 27 20:39:29 PDT 2026; root:xnu-12377.121.6~2/RELEASE_ARM64_T8142 arm64
rlimit (soft/hard): STACK 8176k/65520k , CORE 0k/infinity , NPROC 4000/6000 , NOFILE 10240/infinity , AS infinity/infinity , CPU infinity/infinity , DATA infinity/infinity , FSIZE infinity/infinity , MEMLOCK infinity/infinity , RSS infinity/infinity
load average: 1.68 1.82 1.78

CPU: total 10 (initial active 10) 0x61:0x0:0x1d5a87e8:0, fp, asimd, aes, pmull, sha1, sha256, crc32, lse, sha3, sha512
machdep.cpu.brand_string:Apple M5

Memory: 16k page, physical 25165824k(85600k free)

vm_info: OpenJDK 64-Bit Server VM (21.0.10+-117844308-b1163.108) for bsd-aarch64 JRE (21.0.10+-117844308-b1163.108), built on 2026-03-05T18:10:53Z by "builder" with clang Apple LLVM 13.0.0 (clang-1300.0.29.3)

END.
